-- phpMyAdmin SQL Dump
-- version 4.5.1
-- http://www.phpmyadmin.net
--
-- Servidor: 127.0.0.1
-- Tiempo de generación: 25-05-2017 a las 23:27:43
-- Versión del servidor: 10.1.13-MariaDB
-- Versión de PHP: 5.6.23

SET SQL_MODE = "NO_AUTO_VALUE_ON_ZERO";
SET time_zone = "+00:00";


/*!40101 SET @OLD_CHARACTER_SET_CLIENT=@@CHARACTER_SET_CLIENT */;
/*!40101 SET @OLD_CHARACTER_SET_RESULTS=@@CHARACTER_SET_RESULTS */;
/*!40101 SET @OLD_COLLATION_CONNECTION=@@COLLATION_CONNECTION */;
/*!40101 SET NAMES utf8mb4 */;

--
-- Base de datos: `salomon`
--

-- --------------------------------------------------------

--
-- Estructura de tabla para la tabla `branches`
--

CREATE TABLE `branches` (
  `id` int(10) UNSIGNED NOT NULL,
  `created_at` timestamp NULL DEFAULT NULL,
  `updated_at` timestamp NULL DEFAULT NULL,
  `description` varchar(255) COLLATE utf8mb4_unicode_ci NOT NULL
) ENGINE=InnoDB DEFAULT CHARSET=utf8mb4 COLLATE=utf8mb4_unicode_ci;

-- --------------------------------------------------------

--
-- Estructura de tabla para la tabla `configuracion`
--

CREATE TABLE `configuracion` (
  `clave` varchar(255) COLLATE utf8_unicode_ci NOT NULL,
  `valor` varchar(255) COLLATE utf8_unicode_ci NOT NULL
) ENGINE=InnoDB DEFAULT CHARSET=utf8 COLLATE=utf8_unicode_ci;

--
-- Volcado de datos para la tabla `configuracion`
--

INSERT INTO `configuracion` (`clave`, `valor`) VALUES
('iglesia', '1');

-- --------------------------------------------------------

--
-- Estructura de tabla para la tabla `diezmos`
--

CREATE TABLE `diezmos` (
  `id` int(10) UNSIGNED NOT NULL,
  `created_at` timestamp NULL DEFAULT NULL,
  `updated_at` timestamp NULL DEFAULT NULL,
  `fecha` timestamp NOT NULL DEFAULT CURRENT_TIMESTAMP,
  `persona_id` int(10) UNSIGNED NOT NULL,
  `importe` decimal(8,2) NOT NULL
) ENGINE=InnoDB DEFAULT CHARSET=utf8 COLLATE=utf8_unicode_ci;

--
-- Volcado de datos para la tabla `diezmos`
--

INSERT INTO `diezmos` (`id`, `created_at`, `updated_at`, `fecha`, `persona_id`, `importe`) VALUES
(1, '2016-11-20 16:38:20', '2016-11-20 16:38:20', '2016-11-12 16:38:20', 7, '1500.00'),
(2, '2016-11-20 17:47:24', '2016-11-20 17:47:24', '2016-11-02 17:47:24', 7, '2000.00'),
(3, '2016-12-11 00:23:08', '2016-12-11 00:23:08', '2016-12-10 00:23:08', 7, '2500.00'),
(4, '2016-12-11 00:23:25', '2016-12-11 00:23:25', '2016-09-09 00:23:25', 10, '2400.00'),
(5, '2016-12-11 00:24:25', '2016-12-11 00:24:25', '2016-08-05 00:24:25', 7, '2400.00'),
(6, '2016-12-11 00:24:50', '2016-12-11 00:24:50', '2016-08-19 00:24:50', 7, '500.00'),
(7, '2016-12-18 18:13:19', '2016-12-18 18:13:19', '2016-01-02 18:13:19', 13, '300.00'),
(8, '2016-12-18 18:14:22', '2016-12-18 18:14:22', '2016-01-02 18:14:22', 14, '200.00'),
(9, '2016-12-18 18:16:15', '2016-12-18 18:16:15', '2016-01-02 18:16:15', 15, '420.00'),
(10, '2016-12-18 18:28:23', '2016-12-18 18:28:23', '2016-01-02 18:28:23', 16, '100.00'),
(11, '2016-12-18 18:35:43', '2016-12-18 18:35:43', '2016-01-02 18:35:43', 17, '100.00'),
(12, '2016-12-18 18:37:58', '2016-12-18 18:37:58', '2016-01-02 18:37:58', 18, '60.00'),
(13, '2016-12-18 18:47:14', '2016-12-18 18:47:14', '2016-01-03 18:47:14', 19, '150.00'),
(14, '2016-12-18 18:49:06', '2016-12-18 18:49:06', '2016-01-04 18:49:06', 20, '112.00'),
(15, '2016-12-18 18:53:40', '2016-12-18 18:53:40', '2016-01-04 18:53:40', 21, '175.00'),
(16, '2016-12-18 18:56:42', '2016-12-18 18:56:42', '2016-01-04 18:56:42', 22, '40.00'),
(17, '2016-12-18 19:00:48', '2016-12-18 19:00:48', '2016-01-07 19:00:48', 23, '100.00'),
(18, '2016-12-18 19:10:20', '2016-12-18 19:10:20', '2016-01-07 19:10:20', 24, '200.00'),
(19, '2016-12-18 19:19:11', '2016-12-18 19:19:11', '2016-01-07 19:19:11', 25, '5.00'),
(20, '2016-12-18 19:28:26', '2016-12-18 19:28:26', '2016-01-07 19:28:26', 20, '270.00'),
(21, '2016-12-18 19:41:39', '2016-12-18 19:41:39', '2016-01-07 19:41:39', 26, '35.00'),
(22, '2016-12-18 19:46:44', '2016-12-18 19:46:44', '2016-01-07 19:46:44', 27, '200.00'),
(23, '2016-12-18 19:50:26', '2016-12-18 19:50:26', '2016-01-07 19:50:26', 28, '100.00'),
(24, '2016-12-18 19:51:47', '2016-12-18 19:51:47', '2016-01-07 19:51:47', 29, '276.00'),
(25, '2016-12-18 19:52:24', '2016-12-18 19:52:24', '2016-01-07 19:52:24', 7, '600.00'),
(26, '2016-12-18 20:13:45', '2016-12-18 20:13:45', '2016-01-09 20:13:45', 30, '200.00'),
(27, '2016-12-18 20:16:17', '2016-12-18 20:16:17', '2016-01-09 20:16:17', 32, '200.00'),
(28, '2016-12-18 20:17:47', '2016-12-18 20:17:47', '2016-01-09 20:17:47', 14, '200.00'),
(29, '2016-12-18 20:19:10', '2016-12-18 20:19:10', '2016-01-09 20:19:10', 33, '200.00'),
(30, '2016-12-18 20:25:22', '2016-12-18 20:25:22', '2016-01-09 20:25:22', 35, '270.00'),
(31, '2016-12-18 20:26:36', '2016-12-18 20:26:36', '2016-01-09 20:26:36', 36, '50.00'),
(32, '2016-12-18 20:28:22', '2016-12-18 20:28:22', '2016-01-09 20:28:22', 37, '10.00'),
(33, '2016-12-18 20:29:55', '2016-12-18 20:29:55', '2016-01-09 20:29:55', 38, '100.00'),
(34, '2016-12-18 20:36:17', '2016-12-18 20:36:17', '2016-01-09 20:36:17', 39, '500.00'),
(35, '2017-01-07 16:26:48', '2017-01-07 16:26:48', '2016-12-31 16:26:48', 40, '2400.00'),
(36, '2017-01-07 16:27:39', '2017-01-07 16:27:39', '2016-11-18 16:27:39', 12, '500.00'),
(37, '2017-01-07 16:28:05', '2017-01-07 16:28:05', '2016-11-05 16:28:05', 12, '4000.00'),
(38, '2017-01-07 16:33:43', '2017-01-07 16:33:43', '2017-01-03 16:33:43', 40, '600.00'),
(39, '2017-01-07 16:34:13', '2017-01-07 16:34:13', '2017-01-07 16:34:13', 40, '800.00'),
(40, '2017-02-11 02:18:22', '2017-02-13 19:22:56', '2017-02-04 19:22:56', 14, '330.00'),
(41, '2017-02-11 15:54:24', '2017-02-11 15:54:24', '2016-12-22 15:54:24', 41, '50.00'),
(42, '2017-02-13 15:25:47', '2017-02-13 15:25:47', '2016-12-22 15:25:47', 43, '530.00'),
(43, '2017-02-13 15:28:47', '2017-02-13 15:28:47', '2016-12-22 15:28:47', 42, '340.00'),
(44, '2017-02-13 15:31:30', '2017-02-13 15:31:30', '2016-12-22 15:31:30', 45, '100.00'),
(45, '2017-02-13 15:38:23', '2017-02-13 15:38:23', '2016-12-22 15:38:23', 46, '300.00'),
(46, '2017-02-13 15:42:49', '2017-02-13 15:42:49', '2016-12-22 15:42:49', 47, '100.00'),
(47, '2017-02-13 15:45:02', '2017-02-13 15:45:02', '2016-12-22 15:45:02', 48, '20.00'),
(48, '2017-02-13 15:50:16', '2017-02-13 15:50:16', '2016-12-22 15:50:16', 50, '100.00'),
(49, '2017-02-13 15:57:01', '2017-02-13 15:57:01', '2016-12-22 15:57:01', 51, '300.00'),
(50, '2017-02-13 16:03:06', '2017-02-13 16:03:06', '2016-12-23 16:03:06', 47, '90.00'),
(51, '2017-02-13 16:10:20', '2017-02-13 16:10:20', '2016-12-22 16:10:20', 52, '30.00'),
(52, '2017-02-13 16:21:31', '2017-02-13 16:21:31', '2016-09-14 16:21:31', 53, '20.00'),
(53, '2017-02-13 16:25:16', '2017-02-13 16:25:16', '2016-12-22 16:25:16', 11, '500.00'),
(54, '2017-02-13 16:29:41', '2017-02-13 16:29:41', '2016-12-22 16:29:41', 54, '200.00'),
(55, '2017-02-13 16:40:15', '2017-02-13 16:40:15', '2016-12-22 16:40:15', 56, '150.00'),
(56, '2017-02-13 16:40:51', '2017-02-13 16:40:51', '2016-12-22 16:40:51', 55, '150.00'),
(57, '2017-02-13 16:43:59', '2017-02-13 16:43:59', '2016-12-22 16:43:59', 57, '285.00'),
(58, '2017-02-13 16:47:01', '2017-02-13 16:47:01', '2016-12-22 16:47:01', 58, '120.00'),
(59, '2017-02-13 16:49:30', '2017-02-13 16:49:30', '2016-12-17 16:49:30', 59, '280.00'),
(60, '2017-02-13 17:01:14', '2017-02-13 17:01:14', '2016-12-16 17:01:14', 47, '100.00'),
(61, '2017-02-13 17:02:05', '2017-02-13 17:02:05', '2016-12-16 17:02:05', 47, '600.00'),
(62, '2017-02-13 17:05:38', '2017-02-13 17:05:38', '2016-12-17 17:05:38', 60, '110.00'),
(63, '2017-02-13 17:07:32', '2017-02-13 17:07:32', '2016-12-17 17:07:32', 61, '500.00'),
(64, '2017-02-13 17:08:45', '2017-02-13 17:08:45', '2016-12-17 17:08:45', 32, '200.00'),
(65, '2017-02-13 17:11:25', '2017-02-13 17:11:25', '2016-12-17 17:11:25', 62, '50.00'),
(66, '2017-02-13 17:16:17', '2017-02-13 17:16:17', '2016-12-17 17:16:17', 63, '2000.00'),
(67, '2017-02-13 17:23:54', '2017-02-13 17:23:54', '2016-12-17 17:23:54', 64, '43.00'),
(68, '2017-02-13 17:26:27', '2017-02-13 17:26:27', '2016-12-17 17:26:27', 65, '370.00'),
(69, '2017-02-13 17:36:43', '2017-02-13 17:36:43', '2016-12-17 17:36:43', 66, '100.00'),
(71, '2017-02-13 17:49:42', '2017-02-13 17:49:42', '2016-12-17 17:49:42', 53, '50.00'),
(72, '2017-02-13 17:51:34', '2017-02-13 17:51:34', '2016-12-17 17:51:34', 69, '167.00'),
(73, '2017-02-13 17:54:19', '2017-02-13 17:54:19', '2016-12-17 17:54:19', 70, '100.00'),
(74, '2017-02-13 17:57:39', '2017-02-13 17:57:39', '2016-12-17 17:57:39', 71, '250.00'),
(75, '2017-02-13 17:58:59', '2017-02-13 17:58:59', '2016-12-17 17:58:59', 72, '500.00'),
(76, '2017-02-13 18:00:36', '2017-02-13 18:00:36', '2016-12-17 18:00:36', 73, '700.00'),
(77, '2017-02-13 18:02:29', '2017-02-13 18:02:29', '2016-12-17 18:02:29', 74, '100.00'),
(78, '2017-02-13 18:03:44', '2017-02-13 18:03:44', '2016-12-17 18:03:44', 29, '250.00'),
(79, '2017-02-13 18:14:46', '2017-02-13 18:14:46', '2016-12-17 18:14:46', 76, '450.00'),
(80, '2017-02-13 18:15:36', '2017-02-13 18:15:36', '2016-12-18 18:15:36', 52, '30.00'),
(81, '2017-02-13 18:16:12', '2017-02-13 18:16:12', '2016-12-17 18:16:12', 57, '100.00'),
(82, '2017-02-13 18:17:34', '2017-02-13 18:17:34', '2016-12-17 18:17:34', 77, '100.00'),
(83, '2017-02-13 18:18:42', '2017-02-13 18:18:42', '2016-12-17 18:18:42', 78, '20.00'),
(84, '2017-02-13 18:20:33', '2017-02-13 18:20:33', '2016-12-17 18:20:33', 79, '44.00'),
(85, '2017-02-13 18:23:39', '2017-02-13 18:23:39', '2016-12-17 18:23:39', 80, '740.00'),
(86, '2017-02-13 18:24:24', '2017-02-13 18:24:24', '2016-12-17 18:24:24', 35, '200.00'),
(87, '2017-02-13 18:26:21', '2017-02-13 18:26:21', '2016-12-19 18:26:21', 39, '1000.00'),
(88, '2017-02-13 18:29:03', '2017-02-13 18:29:03', '2016-12-19 18:29:03', 81, '500.00'),
(89, '2017-02-13 18:30:31', '2017-02-13 18:30:31', '2016-12-19 18:30:31', 82, '560.00'),
(90, '2017-02-13 18:33:46', '2017-02-13 18:33:46', '2016-11-20 18:33:46', 83, '400.00'),
(91, '2017-02-13 18:35:25', '2017-02-13 18:35:25', '2016-11-20 18:35:25', 84, '450.00'),
(92, '2017-02-13 18:36:23', '2017-02-13 18:36:23', '2016-12-20 18:36:23', 35, '1500.00'),
(93, '2017-02-13 18:37:29', '2017-02-13 18:37:29', '2016-12-19 18:37:29', 85, '700.00'),
(94, '2017-02-13 18:38:14', '2017-02-13 18:38:14', '2016-12-20 18:38:14', 13, '310.00'),
(95, '2017-02-13 18:39:37', '2017-02-13 18:39:37', '2016-12-20 18:39:37', 86, '50.00'),
(96, '2017-02-13 18:42:14', '2017-02-13 18:42:14', '2016-12-20 18:42:14', 87, '120.00'),
(97, '2017-02-13 18:44:31', '2017-02-13 18:44:31', '2016-12-19 18:44:31', 41, '100.00'),
(98, '2017-02-13 18:46:20', '2017-02-13 18:46:20', '2016-12-18 18:46:20', 89, '100.00'),
(99, '2017-02-13 18:48:05', '2017-02-13 18:48:05', '2016-12-18 18:48:05', 90, '100.00'),
(100, '2017-02-13 18:49:47', '2017-02-13 18:49:47', '2016-11-18 18:49:47', 91, '205.00'),
(101, '2017-02-13 18:51:01', '2017-02-13 18:51:01', '2016-12-18 18:51:01', 92, '50.00'),
(102, '2017-02-13 18:51:24', '2017-02-13 18:51:24', '2016-12-18 18:51:24', 27, '120.00'),
(103, '2017-02-13 18:53:58', '2017-02-13 18:53:58', '2016-12-18 18:53:58', 93, '100.00'),
(104, '2017-02-13 18:55:32', '2017-02-13 18:55:32', '2016-12-18 18:55:32', 94, '100.00'),
(105, '2017-02-13 18:56:48', '2017-02-13 18:56:48', '2016-12-18 18:56:48', 23, '20.00'),
(106, '2017-02-13 18:57:30', '2017-02-13 18:57:30', '2016-12-18 18:57:30', 20, '900.00'),
(107, '2017-02-13 18:58:07', '2017-02-13 18:58:07', '2016-12-18 18:58:07', 57, '325.00'),
(108, '2017-02-13 18:59:20', '2017-02-13 18:59:20', '2016-12-18 18:59:20', 95, '275.00'),
(109, '2017-02-13 19:00:32', '2017-02-13 19:00:32', '2016-12-18 19:00:32', 96, '55.00'),
(110, '2017-02-13 19:01:47', '2017-02-13 19:01:47', '2016-12-18 19:01:47', 97, '100.00'),
(111, '2017-02-13 19:02:24', '2017-02-13 19:02:24', '2016-12-18 19:02:24', 46, '100.00'),
(112, '2017-02-13 19:03:17', '2017-02-13 19:03:17', '2016-12-18 19:03:17', 26, '250.00'),
(113, '2017-02-13 19:04:13', '2017-02-13 19:04:13', '2016-11-18 19:04:13', 84, '250.00'),
(114, '2017-02-13 19:04:44', '2017-02-13 19:04:44', '2016-11-18 19:04:44', 83, '250.00'),
(115, '2017-02-13 19:05:29', '2017-02-13 19:05:29', '2016-11-18 19:05:29', 22, '500.00'),
(116, '2017-02-13 19:07:29', '2017-02-13 19:07:29', '2016-12-18 19:07:29', 98, '260.00'),
(117, '2017-02-13 19:08:33', '2017-02-13 19:08:33', '2016-12-18 19:08:33', 99, '50.00'),
(118, '2017-02-13 19:09:55', '2017-02-13 19:09:55', '2016-12-18 19:09:55', 100, '400.00'),
(119, '2017-02-13 19:10:35', '2017-02-13 19:10:35', '2016-12-18 19:10:35', 19, '600.00'),
(120, '2017-02-13 19:12:00', '2017-02-13 19:12:00', '2016-12-18 19:12:00', 101, '100.00'),
(121, '2017-02-13 19:14:44', '2017-02-13 19:14:44', '2016-12-18 19:14:44', 102, '150.00'),
(122, '2017-02-13 19:15:28', '2017-02-13 19:15:28', '2016-12-18 19:15:28', 34, '300.00'),
(123, '2017-02-13 19:17:25', '2017-02-13 19:17:25', '2016-12-18 19:17:25', 103, '100.00'),
(124, '2017-02-13 19:19:26', '2017-02-13 19:19:26', '2016-12-18 19:19:26', 104, '100.00'),
(125, '2017-02-13 19:20:08', '2017-02-13 19:20:08', '2016-12-18 19:20:08', 30, '100.00'),
(126, '2017-02-13 19:28:23', '2017-02-13 19:28:23', '2016-12-18 19:28:23', 105, '600.00'),
(127, '2017-02-13 19:34:09', '2017-02-13 19:34:09', '2016-12-06 19:34:09', 106, '130.00'),
(128, '2017-02-13 19:36:56', '2017-02-13 19:36:56', '2016-12-04 19:36:56', 107, '200.00'),
(129, '2017-02-13 19:38:37', '2017-02-13 19:38:37', '2016-12-29 19:38:37', 108, '600.00'),
(130, '2017-02-13 21:05:28', '2017-02-13 21:05:28', '2016-12-09 21:05:28', 88, '400.00'),
(131, '2017-02-13 21:21:53', '2017-02-13 21:21:53', '2016-12-14 21:21:53', 109, '300.00'),
(132, '2017-02-13 21:29:17', '2017-02-13 21:29:17', '2016-12-06 21:29:17', 110, '50.00'),
(135, '2017-02-13 21:34:00', '2017-02-13 21:34:00', '2016-12-14 21:34:00', 29, '150.00'),
(136, '2017-02-13 21:34:24', '2017-02-13 21:34:24', '2016-12-15 21:34:24', 32, '200.00'),
(137, '2017-02-13 21:34:53', '2017-02-13 21:34:53', '2016-12-15 21:34:53', 80, '50.00'),
(138, '2017-02-13 21:35:30', '2017-02-13 21:35:30', '2016-12-15 21:35:30', 46, '200.00'),
(139, '2017-02-13 21:36:55', '2017-02-13 21:36:55', '2016-12-15 21:36:55', 113, '900.00'),
(140, '2017-02-13 21:38:08', '2017-02-13 21:38:08', '2016-12-13 21:38:08', 114, '100.00'),
(141, '2017-02-13 21:39:23', '2017-02-13 21:39:23', '2016-12-13 21:39:23', 115, '300.00'),
(142, '2017-02-13 21:40:03', '2017-02-13 21:40:03', '2016-12-13 21:40:03', 11, '200.00'),
(143, '2017-02-13 21:41:44', '2017-02-13 21:41:44', '2016-12-13 21:41:44', 116, '450.00'),
(144, '2017-02-13 21:46:43', '2017-02-13 21:46:43', '2016-12-13 21:46:43', 117, '7500.00'),
(145, '2017-02-13 21:47:33', '2017-02-13 21:47:33', '2016-12-13 21:47:33', 98, '40.00'),
(146, '2017-02-13 22:09:26', '2017-02-13 22:09:26', '2016-12-03 22:09:26', 118, '40.00'),
(147, '2017-02-13 22:17:07', '2017-02-13 22:17:07', '2016-12-03 22:17:07', 119, '566.00'),
(148, '2017-02-13 22:21:22', '2017-02-13 22:21:22', '2016-12-03 22:21:22', 120, '100.00'),
(149, '2017-02-13 22:25:37', '2017-02-13 22:25:37', '2016-12-03 22:25:37', 121, '60.00'),
(150, '2017-02-13 22:28:01', '2017-02-13 22:28:01', '2016-12-03 22:28:01', 34, '300.00'),
(151, '2017-02-13 22:29:51', '2017-02-13 22:29:51', '2016-12-03 22:29:51', 122, '150.00'),
(152, '2017-02-13 22:33:51', '2017-02-13 22:33:51', '2016-12-03 22:33:51', 123, '200.00'),
(153, '2017-02-13 22:37:29', '2017-02-13 22:37:29', '2016-12-03 22:37:29', 124, '100.00'),
(154, '2017-02-13 22:39:34', '2017-02-13 22:39:34', '2016-12-03 22:39:34', 46, '200.00'),
(155, '2017-02-13 22:41:34', '2017-02-13 22:41:34', '2016-12-03 22:41:34', 125, '250.00'),
(156, '2017-02-13 22:46:45', '2017-02-13 22:46:45', '2016-12-03 22:46:45', 62, '30.00'),
(157, '2017-02-13 22:49:49', '2017-02-13 22:49:49', '2016-12-03 22:49:49', 126, '136.00'),
(158, '2017-02-13 22:52:54', '2017-02-13 22:52:54', '2016-12-03 22:52:54', 127, '1135.00'),
(159, '2017-02-13 22:54:01', '2017-02-13 22:54:01', '2016-12-03 22:54:01', 67, '100.00'),
(160, '2017-02-13 22:54:25', '2017-02-13 22:54:25', '2016-12-03 22:54:25', 80, '60.00'),
(161, '2017-02-13 22:54:46', '2017-02-13 22:54:46', '2016-12-03 22:54:46', 14, '300.00'),
(162, '2017-02-13 22:55:48', '2017-02-13 22:55:48', '2016-12-03 22:55:48', 128, '20.00'),
(163, '2017-02-13 22:56:32', '2017-02-13 22:56:32', '2016-12-03 22:56:32', 58, '340.00'),
(164, '2017-02-13 22:57:33', '2017-02-13 22:57:33', '2016-12-03 22:57:33', 129, '100.00'),
(165, '2017-02-13 22:57:56', '2017-02-13 22:57:56', '2016-12-03 22:57:56', 35, '200.00'),
(166, '2017-02-13 23:04:00', '2017-02-13 23:04:00', '2016-12-03 23:04:00', 130, '80.00'),
(167, '2017-02-13 23:07:08', '2017-02-13 23:07:08', '2016-12-01 23:07:08', 131, '20.00'),
(168, '2017-02-13 23:10:54', '2017-02-13 23:10:54', '2016-12-03 23:10:54', 132, '1050.00'),
(169, '2017-02-21 14:42:35', '2017-02-21 14:56:48', '2016-12-04 14:56:48', 133, '500.00'),
(170, '2017-02-21 14:44:05', '2017-02-21 14:57:11', '2016-12-03 14:57:11', 134, '400.00'),
(171, '2017-02-21 14:44:57', '2017-02-21 14:56:17', '2016-12-03 14:56:17', 70, '100.00'),
(172, '2017-02-21 14:48:05', '2017-02-21 14:48:05', '2016-12-03 14:48:05', 135, '100.00'),
(173, '2017-02-21 14:50:04', '2017-02-21 14:50:04', '2016-12-03 14:50:04', 136, '50.00'),
(174, '2017-02-21 14:50:32', '2017-02-21 14:50:32', '2016-12-03 14:50:32', 32, '200.00'),
(175, '2017-02-21 14:52:34', '2017-02-21 14:52:34', '2016-12-01 14:52:34', 137, '72.00'),
(176, '2017-02-21 14:59:13', '2017-02-21 14:59:13', '2016-12-01 14:59:13', 32, '100.00'),
(177, '2017-02-21 15:01:27', '2017-02-21 15:01:27', '2016-11-01 15:01:27', 138, '200.00'),
(178, '2017-02-21 15:02:10', '2017-02-21 15:02:10', '2016-11-01 15:02:10', 71, '400.00'),
(179, '2017-02-21 15:02:50', '2017-02-21 15:02:50', '2016-12-01 15:02:50', 84, '120.00'),
(180, '2017-02-21 15:03:31', '2017-02-21 15:03:31', '2016-12-01 15:03:31', 83, '120.00'),
(181, '2017-02-21 15:04:26', '2017-02-21 15:04:26', '2016-12-01 15:04:26', 108, '1000.00'),
(182, '2017-02-21 15:05:31', '2017-02-21 15:05:31', '2016-12-01 15:05:31', 57, '110.00'),
(183, '2017-02-21 15:06:03', '2017-02-21 15:06:03', '2016-12-01 15:06:03', 104, '500.00'),
(184, '2017-02-21 15:07:04', '2017-02-21 15:07:04', '2016-12-01 15:07:04', 47, '600.00'),
(185, '2017-02-21 15:07:36', '2017-02-21 15:07:36', '2016-12-01 15:07:36', 87, '100.00'),
(186, '2017-02-21 15:12:19', '2017-02-21 15:12:19', '2016-12-01 15:12:19', 139, '500.00'),
(187, '2017-02-21 15:12:49', '2017-02-21 15:12:49', '2016-12-04 15:12:49', 49, '200.00'),
(188, '2017-02-21 15:13:17', '2017-02-21 15:13:17', '2016-12-04 15:13:17', 87, '50.00'),
(189, '2017-02-21 15:15:08', '2017-02-21 15:15:08', '2016-12-04 15:15:08', 140, '300.00'),
(190, '2017-02-21 15:51:26', '2017-02-21 15:51:26', '2016-12-03 15:51:26', 76, '200.00'),
(191, '2017-02-21 15:52:03', '2017-02-21 15:52:03', '2016-12-04 15:52:03', 111, '20.00'),
(192, '2017-02-21 15:56:53', '2017-02-21 15:56:53', '2016-11-02 15:56:53', 29, '250.00'),
(193, '2017-02-21 15:57:27', '2017-02-21 15:57:27', '2016-11-30 15:57:27', 45, '100.00'),
(194, '2017-02-21 15:59:31', '2017-02-21 15:59:31', '2016-12-04 15:59:31', 22, '170.00'),
(195, '2017-02-21 15:59:58', '2017-02-21 15:59:58', '2016-12-04 15:59:58', 27, '300.00'),
(196, '2017-02-21 16:01:16', '2017-02-21 16:01:16', '2016-12-04 16:01:16', 13, '180.00'),
(197, '2017-02-21 16:02:25', '2017-02-21 16:02:25', '2016-12-04 16:02:25', 21, '120.00'),
(198, '2017-02-21 16:06:59', '2017-02-21 16:06:59', '2016-11-04 16:06:59', 142, '20.00'),
(199, '2017-02-21 16:08:49', '2017-02-21 16:08:49', '2016-12-04 16:08:49', 26, '250.00'),
(200, '2017-02-21 16:09:19', '2017-02-21 16:09:19', '2016-12-05 16:09:19', 8, '320.00'),
(201, '2017-02-21 16:09:52', '2017-02-21 16:09:52', '2016-12-05 16:09:52', 37, '40.00'),
(202, '2017-02-21 16:10:56', '2017-02-21 16:10:56', '2016-12-06 16:10:56', 18, '82.00'),
(203, '2017-02-21 16:11:34', '2017-02-21 16:11:34', '2016-12-05 16:11:34', 46, '200.00'),
(204, '2017-02-21 16:12:06', '2017-02-21 16:12:06', '2016-12-05 16:12:06', 41, '50.00'),
(205, '2017-02-21 16:14:11', '2017-02-21 16:14:11', '2016-11-12 16:14:11', 34, '200.00'),
(206, '2017-02-21 16:16:36', '2017-02-21 16:16:36', '2016-12-11 16:16:36', 26, '250.00'),
(207, '2017-02-21 16:27:40', '2017-02-21 16:27:40', '2016-12-11 16:27:40', 144, '44.00'),
(208, '2017-02-21 16:28:07', '2017-02-21 16:28:07', '2016-12-11 16:28:07', 114, '100.00'),
(209, '2017-02-21 16:30:59', '2017-02-21 16:30:59', '2016-12-11 16:30:59', 145, '1000.00'),
(210, '2017-02-21 16:34:14', '2017-02-21 16:34:14', '2016-12-11 16:34:14', 146, '20.00'),
(211, '2017-02-21 16:36:10', '2017-02-21 16:36:10', '2016-12-11 16:36:10', 147, '50.00'),
(212, '2017-02-21 16:43:33', '2017-02-21 16:43:33', '2016-11-10 16:43:33', 103, '100.00'),
(213, '2017-02-21 16:44:56', '2017-02-21 16:44:56', '2016-12-11 16:44:56', 148, '300.00'),
(214, '2017-02-21 16:48:18', '2017-02-21 16:48:18', '2016-12-11 16:48:18', 149, '400.00'),
(215, '2017-02-21 16:49:57', '2017-02-21 16:49:57', '2016-12-08 16:49:57', 109, '600.00'),
(216, '2017-02-21 16:54:30', '2017-02-21 16:54:30', '2016-12-08 16:54:30', 103, '100.00'),
(217, '2017-02-21 16:56:27', '2017-02-21 16:56:27', '2016-12-08 16:56:27', 151, '400.00'),
(218, '2017-02-21 16:58:32', '2017-02-21 16:58:32', '2016-12-08 16:58:32', 152, '50.00'),
(219, '2017-02-21 17:00:43', '2017-02-21 17:00:43', '2016-12-08 17:00:43', 153, '3800.00'),
(220, '2017-02-21 17:01:41', '2017-02-21 17:01:41', '2016-12-08 17:01:41', 88, '900.00'),
(221, '2017-02-21 17:02:13', '2017-02-21 17:02:13', '2016-12-08 17:02:13', 37, '35.00'),
(222, '2017-02-21 17:03:41', '2017-02-21 17:03:41', '2016-12-08 17:03:41', 154, '600.00'),
(223, '2017-02-21 17:08:00', '2017-02-21 17:08:00', '2016-12-10 17:08:00', 19, '1540.00'),
(224, '2017-02-21 17:08:42', '2017-02-21 17:08:42', '2016-12-10 17:08:42', 29, '450.00'),
(225, '2017-02-21 17:10:01', '2017-02-21 17:10:01', '2016-11-10 17:10:01', 155, '100.00'),
(226, '2017-02-21 17:11:29', '2017-02-21 17:11:29', '2016-12-10 17:11:29', 156, '100.00'),
(227, '2017-02-21 17:13:14', '2017-02-21 17:13:14', '2016-12-10 17:13:14', 157, '300.00'),
(228, '2017-02-21 17:13:43', '2017-02-21 17:13:43', '2016-12-10 17:13:43', 7, '2600.00'),
(229, '2017-02-21 17:14:26', '2017-02-21 17:14:26', '2016-12-10 17:14:26', 15, '1355.00'),
(230, '2017-02-21 17:15:16', '2017-02-21 17:15:16', '2016-11-09 17:15:16', 13, '310.00'),
(231, '2017-02-21 17:18:05', '2017-02-21 17:18:05', '2016-12-10 17:18:05', 158, '100.00'),
(232, '2017-02-21 17:18:27', '2017-02-21 17:18:27', '2016-12-10 17:18:27', 45, '100.00'),
(233, '2017-02-21 17:19:35', '2017-02-21 17:19:35', '2016-12-10 17:19:35', 159, '50.00'),
(234, '2017-02-21 17:19:59', '2017-02-21 17:19:59', '2016-12-10 17:19:59', 142, '20.00'),
(235, '2017-02-21 17:20:46', '2017-02-21 17:20:46', '2016-12-10 17:20:46', 49, '200.00'),
(236, '2017-02-21 17:21:20', '2017-02-21 17:21:20', '2016-12-10 17:21:20', 80, '170.00'),
(237, '2017-02-21 17:21:41', '2017-02-21 17:21:41', '2016-12-08 17:21:41', 76, '100.00'),
(238, '2017-02-21 17:22:07', '2017-02-21 17:22:07', '2016-12-10 17:22:07', 147, '50.00'),
(239, '2017-02-21 17:23:22', '2017-02-21 17:23:22', '2016-12-11 17:23:22', 160, '200.00'),
(240, '2017-02-21 17:23:45', '2017-02-21 17:23:45', '2016-12-10 17:23:45', 71, '350.00'),
(241, '2017-02-21 17:29:11', '2017-02-21 17:29:11', '2016-12-11 17:29:11', 161, '1000.00'),
(242, '2017-02-21 17:29:32', '2017-02-21 17:29:32', '2016-12-11 17:29:32', 162, '1000.00'),
(243, '2017-02-21 17:31:36', '2017-02-21 17:31:36', '2016-12-10 17:31:36', 163, '520.00'),
(244, '2017-02-21 17:32:38', '2017-02-21 17:32:38', '2016-12-11 17:32:38', 107, '400.00'),
(245, '2017-02-21 17:34:20', '2017-02-21 17:34:20', '2016-12-10 17:34:20', 164, '700.00'),
(246, '2017-02-21 17:35:50', '2017-02-21 17:35:50', '2016-12-10 17:35:50', 165, '100.00'),
(247, '2017-02-21 17:37:14', '2017-02-21 17:37:14', '2016-12-10 17:37:14', 166, '20.00'),
(248, '2017-02-21 17:38:12', '2017-02-21 17:38:12', '2016-12-10 17:38:12', 70, '100.00'),
(249, '2017-02-21 17:39:20', '2017-02-21 17:39:20', '2016-12-10 17:39:20', 124, '200.00'),
(250, '2017-03-02 16:03:19', '2017-03-02 16:03:19', '2016-12-10 16:03:19', 67, '100.00'),
(251, '2017-03-02 16:04:18', '2017-03-02 16:04:18', '2016-12-10 16:04:18', 32, '200.00'),
(252, '2017-03-02 16:08:22', '2017-03-02 16:08:22', '2016-12-08 16:08:22', 167, '300.00'),
(253, '2017-03-02 16:10:08', '2017-03-02 16:10:08', '2016-12-11 16:10:08', 169, '1680.00'),
(254, '2017-03-02 16:11:13', '2017-03-02 16:11:13', '2016-12-08 16:11:13', 24, '400.00'),
(255, '2017-03-02 16:12:24', '2017-03-02 16:12:24', '2016-12-06 16:12:24', 139, '1300.00'),
(256, '2017-03-02 16:14:27', '2017-03-02 16:14:27', '2016-12-08 16:14:27', 35, '250.00'),
(257, '2017-03-02 16:19:08', '2017-03-02 16:19:08', '2016-12-25 16:19:08', 153, '1500.00'),
(258, '2017-03-02 16:20:48', '2017-03-02 16:20:48', '2016-12-25 16:20:48', 147, '20.00'),
(259, '2017-03-02 16:21:36', '2017-03-02 16:21:36', '2016-12-25 16:21:36', 32, '300.00'),
(260, '2017-03-02 16:22:12', '2017-03-02 16:22:12', '2016-12-25 16:22:12', 35, '350.00'),
(261, '2017-03-02 16:22:48', '2017-03-02 16:22:48', '2016-12-25 16:22:48', 52, '40.00'),
(262, '2017-03-02 16:23:26', '2017-03-02 16:23:26', '2016-12-25 16:23:26', 101, '100.00'),
(263, '2017-03-02 16:24:30', '2017-03-02 16:24:30', '2016-12-25 16:24:30', 87, '40.00'),
(264, '2017-03-02 16:25:23', '2017-03-02 16:25:23', '2016-12-29 16:25:23', 128, '50.00'),
(266, '2017-03-02 16:27:20', '2017-03-02 16:27:20', '2016-12-25 16:27:20', 170, '20.00'),
(267, '2017-03-02 16:28:05', '2017-03-02 16:28:05', '2016-12-25 16:28:05', 133, '500.00'),
(268, '2017-03-02 16:30:06', '2017-03-02 16:30:06', '2016-12-25 16:30:06', 36, '300.00'),
(269, '2017-03-02 16:30:31', '2017-03-02 16:30:31', '2016-12-25 16:30:31', 46, '200.00'),
(270, '2017-03-02 16:31:48', '2017-03-02 16:31:48', '2016-12-25 16:31:48', 171, '50.00'),
(271, '2017-03-02 16:32:23', '2017-03-02 16:32:23', '2016-12-25 16:32:23', 50, '200.00'),
(272, '2017-03-02 16:32:54', '2017-03-02 16:32:54', '2016-12-25 16:32:54', 11, '50.00'),
(273, '2017-03-02 16:33:44', '2017-03-02 16:33:44', '2016-12-25 16:33:44', 92, '240.00'),
(274, '2017-03-02 16:34:24', '2017-03-02 16:34:24', '2016-12-25 16:34:24', 41, '80.00'),
(275, '2017-03-02 16:35:04', '2017-03-02 16:35:04', '2016-12-25 16:35:04', 26, '250.00'),
(276, '2017-03-02 16:35:36', '2017-03-02 16:35:36', '2016-12-29 16:35:36', 118, '40.00'),
(277, '2017-03-02 16:36:14', '2017-03-02 16:36:14', '2016-12-29 16:36:14', 49, '170.00'),
(279, '2017-03-02 16:39:08', '2017-03-02 16:39:08', '2016-12-29 16:39:08', 140, '400.00'),
(280, '2017-03-02 16:39:42', '2017-03-02 16:39:42', '2016-12-29 16:39:42', 34, '100.00'),
(281, '2017-03-02 16:41:08', '2017-03-02 16:41:08', '2016-12-29 16:41:08', 173, '20.00'),
(282, '2017-03-02 16:47:05', '2017-03-02 16:47:05', '2016-12-29 16:47:05', 174, '1200.00'),
(283, '2017-03-02 16:48:30', '2017-03-02 16:48:30', '2016-12-28 16:48:30', 137, '101.00'),
(284, '2017-03-02 16:49:19', '2017-03-02 16:49:19', '2016-12-29 16:49:19', 163, '400.00'),
(285, '2017-03-02 16:49:47', '2017-03-02 16:49:47', '2016-12-29 16:49:47', 87, '100.00'),
(286, '2017-03-02 16:54:36', '2017-03-02 16:54:36', '2016-12-26 16:54:36', 80, '266.00'),
(287, '2017-03-02 16:56:18', '2017-03-02 16:56:18', '2016-12-26 16:56:18', 175, '800.00'),
(288, '2017-03-02 16:56:51', '2017-03-02 16:56:51', '2016-12-26 16:56:51', 59, '500.00'),
(289, '2017-03-02 16:58:40', '2017-03-02 16:58:40', '2016-12-26 16:58:40', 176, '100.00'),
(290, '2017-03-02 16:59:14', '2017-03-02 16:59:14', '2016-12-26 16:59:14', 71, '400.00'),
(291, '2017-03-02 17:01:14', '2017-03-02 17:01:14', '2016-12-27 17:01:14', 177, '2000.00'),
(292, '2017-03-02 17:02:18', '2017-03-02 17:02:18', '2016-12-27 17:02:18', 153, '1500.00'),
(293, '2017-03-02 17:03:49', '2017-03-02 17:03:49', '2016-12-27 17:03:49', 178, '30.00'),
(294, '2017-03-02 17:04:31', '2017-03-02 17:04:31', '2016-12-27 17:04:31', 29, '500.00'),
(295, '2017-03-02 17:05:23', '2017-03-02 17:05:23', '2016-12-29 17:05:23', 153, '3700.00'),
(296, '2017-03-02 17:06:27', '2017-03-02 17:06:27', '2016-12-27 17:06:27', 52, '200.00'),
(297, '2017-03-02 17:12:01', '2017-03-02 17:12:01', '2017-01-14 17:12:01', 80, '164.00'),
(298, '2017-03-02 17:14:12', '2017-03-02 17:14:12', '2017-01-14 17:14:12', 160, '100.00'),
(299, '2017-03-02 17:14:57', '2017-03-02 17:14:57', '2017-01-14 17:14:57', 69, '300.00'),
(300, '2017-03-02 17:15:46', '2017-03-02 17:15:46', '2017-01-14 17:15:46', 157, '300.00'),
(301, '2017-03-02 17:17:21', '2017-03-02 17:17:21', '2017-01-14 17:17:21', 134, '400.00'),
(302, '2017-03-02 17:18:09', '2017-03-02 17:18:09', '2017-01-24 17:18:09', 100, '400.00'),
(303, '2017-03-02 17:18:39', '2017-03-02 17:18:39', '2017-01-08 17:18:39', 92, '265.00'),
(304, '2017-03-02 17:19:06', '2017-03-02 17:19:06', '2017-01-15 17:19:06', 76, '150.00'),
(305, '2017-03-02 17:19:36', '2017-03-02 17:19:36', '2017-01-15 17:19:36', 104, '250.00'),
(306, '2017-03-02 17:20:15', '2017-03-02 17:20:15', '2017-01-14 17:20:15', 156, '400.00'),
(307, '2017-03-02 17:20:50', '2017-03-02 17:20:50', '2017-01-14 17:20:50', 118, '50.00'),
(308, '2017-03-02 17:21:35', '2017-03-02 17:21:35', '2017-01-14 17:21:35', 53, '100.00'),
(309, '2017-03-02 17:22:21', '2017-03-02 17:22:21', '2017-01-14 17:22:21', 131, '200.00'),
(310, '2017-03-02 17:23:13', '2017-03-02 17:23:13', '2017-01-14 17:23:13', 167, '300.00'),
(311, '2017-03-02 17:23:47', '2017-03-02 17:23:47', '2017-01-15 17:23:47', 59, '500.00'),
(312, '2017-03-02 17:25:21', '2017-03-02 17:25:21', '2017-01-15 17:25:21', 179, '100.00'),
(313, '2017-03-02 17:26:14', '2017-03-02 17:26:14', '2017-01-15 17:26:14', 107, '200.00'),
(314, '2017-03-02 17:26:59', '2017-03-02 17:26:59', '2017-01-18 17:26:59', 64, '205.00'),
(315, '2017-03-02 17:29:19', '2017-03-02 17:29:19', '2017-01-14 17:29:19', 180, '28.00'),
(316, '2017-03-14 16:07:58', '2017-03-14 16:07:58', '2017-01-14 16:07:58', 181, '100.00'),
(317, '2017-03-14 16:16:35', '2017-03-14 16:16:35', '2017-01-14 16:16:35', 14, '500.00'),
(318, '2017-03-14 16:17:34', '2017-03-14 16:17:34', '2017-01-25 16:17:34', 50, '200.00'),
(319, '2017-03-14 16:19:49', '2017-03-14 16:19:49', '2017-01-25 16:19:49', 182, '500.00'),
(320, '2017-03-14 16:21:35', '2017-03-14 16:21:35', '2017-01-25 16:21:35', 183, '20.00'),
(321, '2017-03-14 16:22:13', '2017-03-14 16:22:13', '2017-01-25 16:22:13', 32, '100.00'),
(322, '2017-03-14 16:22:45', '2017-03-14 16:22:45', '2017-01-27 16:22:45', 23, '70.00'),
(323, '2017-03-14 16:23:24', '2017-03-14 16:23:24', '2017-01-22 16:23:24', 13, '650.00'),
(324, '2017-03-14 16:24:04', '2017-03-14 16:24:04', '2017-01-29 16:24:04', 102, '70.00'),
(325, '2017-03-14 16:24:38', '2017-03-14 16:24:38', '2017-01-29 16:24:38', 51, '600.00'),
(326, '2017-03-14 16:25:23', '2017-03-14 16:25:23', '2017-01-29 16:25:23', 156, '200.00'),
(327, '2017-03-14 16:27:31', '2017-03-14 16:27:31', '2017-01-29 16:27:31', 184, '420.00'),
(328, '2017-03-14 16:30:26', '2017-03-14 16:30:26', '2017-01-29 16:30:26', 103, '100.00'),
(329, '2017-03-14 16:31:20', '2017-03-14 16:31:20', '2017-01-29 16:31:20', 49, '100.00'),
(330, '2017-03-14 16:31:50', '2017-03-14 16:31:50', '2017-01-29 16:31:50', 59, '500.00'),
(331, '2017-03-14 16:32:53', '2017-03-14 16:32:53', '2017-01-28 16:32:53', 26, '250.00'),
(332, '2017-03-14 16:55:55', '2017-03-14 16:55:55', '2017-01-29 16:55:55', 107, '500.00'),
(333, '2017-03-14 16:56:26', '2017-03-14 16:56:26', '2017-01-29 16:56:26', 14, '200.00'),
(334, '2017-03-14 16:56:56', '2017-03-14 16:56:56', '2017-01-29 16:56:56', 85, '50.00'),
(335, '2017-03-14 16:57:28', '2017-03-14 16:57:28', '2017-01-29 16:57:28', 29, '250.00'),
(336, '2017-03-14 16:59:05', '2017-03-14 16:59:05', '2017-01-28 16:59:05', 185, '700.00'),
(337, '2017-03-14 16:59:44', '2017-03-14 16:59:44', '2017-01-28 16:59:44', 7, '1000.00'),
(338, '2017-03-14 17:00:11', '2017-03-14 17:00:11', '2017-01-25 17:00:11', 85, '30.00'),
(339, '2017-03-14 17:01:05', '2017-03-14 17:01:05', '2017-01-28 17:01:05', 110, '20.00'),
(340, '2017-03-14 17:02:38', '2017-03-14 17:02:38', '2017-01-28 17:02:38', 186, '100.00'),
(341, '2017-03-14 17:03:21', '2017-03-14 17:03:21', '2017-01-26 17:03:21', 77, '130.00'),
(342, '2017-03-14 17:03:55', '2017-03-14 17:03:55', '2017-01-26 17:03:55', 71, '230.00'),
(343, '2017-03-14 17:04:48', '2017-03-14 17:04:48', '2017-01-28 17:04:48', 80, '65.00'),
(344, '2017-03-14 17:10:42', '2017-03-14 17:10:42', '2017-01-21 17:10:42', 15, '200.00'),
(345, '2017-03-14 17:11:10', '2017-03-14 17:11:10', '2017-01-21 17:11:10', 80, '160.00'),
(346, '2017-03-14 17:11:39', '2017-03-14 17:11:39', '2017-01-21 17:11:39', 32, '200.00'),
(347, '2017-03-14 17:12:06', '2017-03-14 17:12:06', '2017-01-21 17:12:06', 77, '150.00'),
(348, '2017-03-14 17:12:44', '2017-03-14 17:12:44', '2017-01-21 17:12:44', 124, '50.00'),
(349, '2017-03-14 17:13:29', '2017-03-14 17:13:29', '2017-01-21 17:13:29', 126, '60.00'),
(350, '2017-03-14 17:13:57', '2017-03-14 17:13:57', '2017-01-21 17:13:57', 71, '400.00'),
(351, '2017-03-14 17:15:07', '2017-03-14 17:15:07', '2017-01-21 17:15:07', 19, '680.00'),
(352, '2017-03-14 17:15:30', '2017-03-14 17:15:30', '2017-01-21 17:15:30', 148, '300.00'),
(353, '2017-03-14 17:16:06', '2017-03-14 17:16:06', '2017-01-21 17:16:06', 163, '20.00'),
(354, '2017-03-14 17:18:10', '2017-03-14 17:18:10', '2017-01-21 17:18:10', 187, '150.00'),
(355, '2017-03-14 17:18:50', '2017-03-14 17:18:50', '2017-01-21 17:18:50', 127, '300.00'),
(356, '2017-03-14 17:21:42', '2017-03-14 17:21:42', '2017-01-21 17:21:42', 188, '55.00'),
(357, '2017-03-14 17:24:30', '2017-03-14 17:24:30', '2017-01-21 17:24:30', 189, '200.00'),
(358, '2017-03-14 17:25:09', '2017-03-14 17:25:09', '2017-01-21 17:25:09', 83, '300.00'),
(359, '2017-03-14 17:25:36', '2017-03-14 17:25:36', '2017-01-21 17:25:36', 84, '300.00'),
(360, '2017-03-14 17:26:01', '2017-03-14 17:26:01', '2017-01-21 17:26:01', 46, '300.00'),
(361, '2017-03-14 17:26:29', '2017-03-14 17:26:29', '2017-01-20 17:26:29', 98, '300.00'),
(362, '2017-03-14 17:27:48', '2017-03-14 17:27:48', '2017-01-19 17:27:48', 20, '400.00'),
(363, '2017-03-14 17:28:23', '2017-03-14 17:28:23', '2017-01-19 17:28:23', 52, '180.00'),
(364, '2017-03-14 17:29:08', '2017-03-14 17:29:08', '2017-01-19 17:29:08', 49, '100.00'),
(365, '2017-03-14 17:29:35', '2017-03-14 17:29:35', '2017-01-19 17:29:35', 80, '180.00'),
(366, '2017-03-14 17:31:57', '2017-03-14 17:31:57', '2017-01-19 17:31:57', 190, '400.00'),
(367, '2017-03-14 17:32:23', '2017-03-14 17:32:23', '2017-01-22 17:32:23', 32, '200.00'),
(368, '2017-03-14 17:32:47', '2017-03-14 17:32:47', '2017-01-22 17:32:47', 145, '500.00'),
(369, '2017-03-14 17:33:30', '2017-03-14 17:33:30', '2017-01-28 17:33:30', 85, '100.00'),
(370, '2017-03-14 17:33:57', '2017-03-14 17:33:57', '2017-01-22 17:33:57', 19, '200.00'),
(371, '2017-03-14 17:34:28', '2017-03-14 17:34:28', '2017-01-22 17:34:28', 29, '250.00'),
(372, '2017-03-14 17:35:21', '2017-03-14 17:35:21', '2017-01-22 17:35:21', 107, '200.00'),
(373, '2017-03-14 17:35:48', '2017-03-14 17:35:48', '2017-01-22 17:35:48', 26, '250.00'),
(374, '2017-03-14 17:36:31', '2017-03-14 17:36:31', '2017-01-15 17:36:31', 161, '1000.00'),
(375, '2017-03-14 17:36:59', '2017-03-14 17:36:59', '2017-01-15 17:36:59', 162, '1000.00'),
(376, '2017-03-14 17:40:59', '2017-03-14 17:40:59', '2017-01-12 17:40:59', 95, '200.00'),
(377, '2017-03-14 17:41:55', '2017-03-14 17:41:55', '2017-01-12 17:41:55', 39, '1000.00'),
(378, '2017-03-14 17:42:28', '2017-03-14 17:42:28', '2017-01-12 17:42:28', 75, '350.00'),
(379, '2017-03-14 17:44:59', '2017-03-14 17:44:59', '2017-01-21 17:44:59', 191, '100.00'),
(380, '2017-03-14 17:45:31', '2017-03-14 17:45:31', '2017-01-12 17:45:31', 110, '200.00'),
(381, '2017-03-14 17:45:58', '2017-03-14 17:45:58', '2017-01-12 17:45:58', 32, '200.00'),
(382, '2017-03-14 17:46:29', '2017-03-14 17:46:29', '2017-01-12 17:46:29', 65, '240.00'),
(383, '2017-03-14 17:46:57', '2017-03-14 17:46:57', '2017-01-12 17:46:57', 31, '100.00'),
(384, '2017-03-14 17:49:25', '2017-03-14 17:49:25', '2017-01-12 17:49:25', 192, '200.00'),
(385, '2017-03-14 17:49:55', '2017-03-14 17:49:55', '2017-01-12 17:49:55', 29, '350.00'),
(386, '2017-03-14 17:50:28', '2017-03-14 17:50:28', '2017-01-12 17:50:28', 126, '44.00'),
(387, '2017-03-14 17:51:58', '2017-03-14 17:51:58', '2017-01-12 17:51:58', 49, '100.00'),
(388, '2017-03-14 17:58:12', '2017-03-14 17:58:12', '2017-01-07 17:58:12', 171, '100.00'),
(389, '2017-03-14 17:58:48', '2017-03-14 17:58:48', '2017-01-07 17:58:48', 35, '550.00'),
(390, '2017-03-14 17:59:12', '2017-03-14 17:59:12', '2017-01-07 17:59:12', 23, '150.00'),
(391, '2017-03-14 17:59:41', '2017-03-14 17:59:41', '2017-01-07 17:59:41', 119, '700.00'),
(392, '2017-03-14 18:00:10', '2017-03-14 18:00:10', '2017-01-07 18:00:10', 109, '400.00'),
(393, '2017-03-14 18:05:16', '2017-03-14 18:05:16', '2017-01-07 18:05:16', 121, '80.00'),
(394, '2017-03-14 18:06:08', '2017-03-14 18:06:08', '2017-01-07 18:06:08', 165, '100.00'),
(395, '2017-03-14 18:06:41', '2017-03-14 18:06:41', '2017-01-07 18:06:41', 24, '400.00'),
(396, '2017-03-14 18:07:12', '2017-03-14 18:07:12', '2017-01-03 18:07:12', 52, '320.00'),
(397, '2017-03-14 18:09:56', '2017-03-14 18:09:56', '2017-01-03 18:09:56', 193, '500.00'),
(398, '2017-03-14 18:10:30', '2017-03-14 18:10:30', '2017-01-07 18:10:30', 188, '1800.00'),
(399, '2017-03-14 18:11:04', '2017-03-14 18:11:04', '2017-01-07 18:11:04', 73, '1000.00'),
(400, '2017-03-14 18:19:10', '2017-03-14 18:19:10', '2017-01-07 18:19:10', 194, '20.00'),
(401, '2017-03-14 18:20:46', '2017-03-14 18:20:46', '2017-01-07 18:20:46', 46, '200.00'),
(402, '2017-03-14 18:21:26', '2017-03-14 18:21:26', '2017-01-07 18:21:26', 158, '130.00'),
(403, '2017-03-14 18:21:56', '2017-03-14 18:21:56', '2017-01-07 18:21:56', 88, '380.00'),
(404, '2017-03-14 18:22:24', '2017-03-14 18:22:24', '2017-01-07 18:22:24', 80, '140.00'),
(405, '2017-03-14 18:22:49', '2017-03-14 18:22:49', '2017-01-07 18:22:49', 45, '100.00'),
(406, '2017-03-14 18:23:19', '2017-03-14 18:23:19', '2017-01-07 18:23:19', 159, '60.00'),
(407, '2017-03-14 18:24:48', '2017-03-14 18:24:48', '2017-01-07 18:24:48', 195, '200.00'),
(408, '2017-03-14 18:25:19', '2017-03-14 18:25:19', '2017-01-08 18:25:19', 101, '300.00'),
(409, '2017-03-14 18:25:55', '2017-03-14 18:25:55', '2017-01-08 18:25:55', 124, '30.00'),
(410, '2017-03-14 18:26:29', '2017-03-14 18:26:29', '2017-01-06 18:26:29', 87, '20.00'),
(411, '2017-03-14 18:27:11', '2017-03-14 18:27:11', '2017-03-01 18:27:11', 104, '500.00'),
(412, '2017-03-14 18:28:23', '2017-03-14 18:28:23', '2017-01-07 18:28:23', 196, '400.00'),
(413, '2017-03-14 18:28:46', '2017-03-14 18:28:46', '2017-01-07 18:28:46', 189, '500.00'),
(414, '2017-03-14 18:31:29', '2017-03-14 18:31:29', '2017-01-07 18:31:29', 126, '55.00'),
(415, '2017-03-14 18:31:57', '2017-03-14 18:31:57', '2017-01-07 18:31:57', 49, '100.00'),
(416, '2017-03-14 18:33:37', '2017-03-14 18:33:37', '2017-01-07 18:33:37', 197, '500.00'),
(417, '2017-03-14 18:34:15', '2017-03-14 18:34:15', '2017-01-07 18:34:15', 19, '3150.00'),
(418, '2017-03-14 18:34:51', '2017-03-14 18:34:51', '2017-01-07 18:34:51', 127, '1300.00'),
(420, '2017-03-14 18:41:33', '2017-03-14 18:41:33', '2017-01-08 18:41:33', 29, '500.00'),
(421, '2017-03-14 18:43:59', '2017-03-14 18:43:59', '2017-01-08 18:43:59', 198, '100.00'),
(422, '2017-03-14 18:44:39', '2017-03-14 18:44:39', '2017-01-08 18:44:39', 13, '732.00'),
(423, '2017-03-14 18:45:04', '2017-03-14 18:45:04', '2017-01-08 18:45:04', 27, '260.00'),
(424, '2017-03-14 18:45:36', '2017-03-14 18:45:36', '2017-01-08 18:45:36', 103, '100.00'),
(425, '2017-03-14 18:46:14', '2017-03-14 18:46:14', '2016-09-01 18:46:14', 128, '100.00'),
(426, '2017-03-14 18:46:42', '2017-03-14 18:46:42', '2017-01-08 18:46:42', 184, '400.00'),
(427, '2017-03-14 18:48:52', '2017-03-14 18:48:52', '2017-01-08 18:48:52', 199, '400.00'),
(428, '2017-03-14 18:50:29', '2017-03-14 18:50:29', '2017-01-08 18:50:29', 200, '300.00'),
(429, '2017-03-14 18:51:02', '2017-03-14 18:51:02', '2017-01-08 18:51:02', 154, '600.00'),
(430, '2017-03-14 18:51:38', '2017-03-14 18:51:38', '2017-01-08 18:51:38', 114, '200.00'),
(431, '2017-03-14 18:53:37', '2017-03-14 18:53:37', '2017-01-08 18:53:37', 84, '475.00'),
(432, '2017-03-14 18:54:17', '2017-03-14 18:54:17', '2017-01-08 18:54:17', 169, '2510.00'),
(433, '2017-03-14 18:55:25', '2017-03-14 18:55:25', '2017-01-08 18:55:25', 62, '50.00'),
(434, '2017-03-14 18:55:47', '2017-03-14 18:55:47', '2017-01-08 18:55:47', 83, '400.00'),
(435, '2017-03-14 18:56:24', '2017-03-14 18:56:24', '2017-01-08 18:56:24', 11, '100.00'),
(436, '2017-03-14 18:56:50', '2017-03-14 18:56:50', '2017-01-08 18:56:50', 49, '80.00'),
(437, '2017-03-14 18:57:13', '2017-03-14 18:57:13', '2017-01-08 18:57:13', 59, '500.00'),
(438, '2017-03-14 18:59:16', '2017-03-14 18:59:16', '2017-01-08 18:59:16', 26, '250.00'),
(439, '2017-03-14 19:10:15', '2017-03-14 19:10:15', '2017-12-31 19:10:15', 71, '300.00'),
(440, '2017-03-14 19:10:46', '2017-03-14 19:10:46', '2017-12-31 19:10:46', 114, '30.00'),
(441, '2017-03-14 19:11:17', '2017-03-14 19:11:17', '2016-12-31 19:11:17', 35, '100.00'),
(442, '2017-03-14 19:13:13', '2017-03-14 19:13:13', '2016-12-31 19:13:13', 201, '400.00'),
(443, '2017-03-14 19:13:48', '2017-03-14 19:13:48', '2017-12-31 19:13:48', 187, '1000.00'),
(444, '2017-03-14 19:14:22', '2017-03-14 19:14:22', '2017-01-01 19:14:22', 59, '500.00'),
(445, '2017-03-14 19:20:29', '2017-03-14 19:20:29', '2017-01-01 19:20:29', 103, '200.00'),
(446, '2017-03-14 19:22:30', '2017-03-14 19:22:30', '2017-01-01 19:22:30', 123, '200.00'),
(447, '2017-03-14 19:22:54', '2017-03-14 19:22:54', '2017-01-01 19:22:54', 88, '300.00'),
(448, '2017-03-14 19:23:51', '2017-03-14 19:23:51', '2017-01-01 19:23:51', 76, '200.00'),
(449, '2017-03-14 19:25:41', '2017-03-14 19:25:41', '2017-01-01 19:25:41', 7, '500.00'),
(450, '2017-03-14 19:28:48', '2017-03-14 19:28:48', '2017-01-01 19:28:48', 202, '30.00'),
(451, '2017-03-14 19:29:19', '2017-03-14 19:29:19', '2016-12-01 19:29:19', 126, '50.00'),
(452, '2017-03-14 19:30:53', '2017-03-14 19:30:53', '2017-01-01 19:30:53', 203, '120.00'),
(453, '2017-03-14 19:32:35', '2017-03-14 19:32:35', '2017-01-01 19:32:35', 204, '3100.00'),
(454, '2017-03-14 19:33:05', '2017-03-14 19:33:05', '2017-01-01 19:33:05', 50, '200.00'),
(455, '2017-03-14 19:33:30', '2017-03-14 19:33:30', '2017-01-01 19:33:30', 26, '250.00'),
(456, '2017-03-14 19:36:08', '2017-03-14 19:36:08', '2017-01-01 19:36:08', 205, '250.00'),
(457, '2017-03-14 19:36:59', '2017-03-14 19:36:59', '2017-01-05 19:36:59', 8, '320.00'),
(458, '2017-03-14 19:37:20', '2017-03-14 19:37:20', '2017-01-05 19:37:20', 178, '24.00'),
(459, '2017-03-14 19:38:22', '2017-03-14 19:38:22', '2017-01-05 19:38:22', 145, '400.00'),
(460, '2017-03-14 19:38:49', '2017-03-14 19:38:49', '2017-01-05 19:38:49', 34, '200.00'),
(461, '2017-03-14 19:39:34', '2017-03-14 19:39:34', '2016-12-31 19:39:34', 92, '212.00'),
(462, '2017-03-14 19:40:49', '2017-03-14 19:40:49', '2016-12-31 19:40:49', 11, '100.00'),
(463, '2017-03-14 19:42:09', '2017-03-14 19:42:09', '2017-01-05 19:42:09', 11, '50.00'),
(464, '2017-03-14 19:42:56', '2017-03-14 19:42:56', '2017-01-05 19:42:56', 49, '70.00'),
(465, '2017-03-14 19:44:18', '2017-03-14 19:44:18', '2017-01-05 19:44:18', 32, '200.00'),
(466, '2017-03-14 19:49:12', '2017-03-14 19:49:12', '2017-01-05 19:49:12', 141, '3500.00'),
(467, '2017-03-14 19:50:18', '2017-03-14 19:50:18', '2017-01-05 19:50:18', 108, '1700.00'),
(468, '2017-03-14 19:51:14', '2017-03-14 19:51:14', '2016-12-31 19:51:14', 15, '300.00'),
(469, '2017-03-14 19:54:20', '2017-03-14 19:54:20', '2016-12-31 19:54:20', 29, '290.00'),
(470, '2017-03-14 19:59:45', '2017-03-14 19:59:45', '2016-12-31 19:59:45', 118, '50.00'),
(471, '2017-03-14 20:02:25', '2017-03-14 20:02:25', '2016-12-31 20:02:25', 206, '40.00'),
(472, '2017-03-14 20:03:04', '2017-03-14 20:03:04', '2016-12-31 20:03:04', 80, '105.00'),
(473, '2017-03-14 20:04:34', '2017-03-14 20:04:34', '2017-01-05 20:04:34', 41, '80.00'),
(474, '2017-03-14 20:05:31', '2017-03-14 20:05:31', '2017-01-05 20:05:31', 106, '150.00'),
(475, '2017-03-23 16:54:03', '2017-03-23 16:54:03', '2017-02-02 16:54:03', 45, '100.00'),
(476, '2017-03-23 17:04:19', '2017-03-23 17:04:19', '2017-02-02 17:04:19', 11, '220.00'),
(477, '2017-03-23 17:07:31', '2017-03-23 17:07:31', '2017-02-02 17:07:31', 12, '150.00'),
(478, '2017-03-23 17:09:50', '2017-03-23 17:09:50', '2017-02-02 17:09:50', 35, '300.00'),
(479, '2017-03-23 17:10:32', '2017-03-23 17:10:32', '2017-02-02 17:10:32', 13, '305.00'),
(480, '2017-03-23 17:11:13', '2017-03-23 17:11:13', '2017-02-02 17:11:13', 178, '10.00'),
(481, '2017-03-23 17:14:18', '2017-03-23 17:14:18', '2017-02-03 17:14:18', 36, '100.00'),
(482, '2017-03-23 17:15:20', '2017-03-23 17:15:20', '2017-02-02 17:15:20', 50, '200.00'),
(483, '2017-03-23 17:15:47', '2017-03-23 17:15:47', '2017-02-02 17:15:47', 49, '100.00'),
(484, '2017-03-23 17:20:51', '2017-03-23 17:20:51', '2017-02-26 17:20:51', 204, '1500.00'),
(485, '2017-03-23 17:22:28', '2017-03-23 17:22:28', '2017-02-26 17:22:28', 103, '100.00'),
(486, '2017-03-23 17:23:00', '2017-03-23 17:23:00', '2017-02-26 17:23:00', 184, '800.00'),
(487, '2017-03-23 17:23:36', '2017-03-23 17:23:36', '2017-02-26 17:23:36', 138, '100.00'),
(488, '2017-03-23 17:26:24', '2017-03-23 17:26:24', '2017-02-26 17:26:24', 138, '100.00'),
(489, '2017-03-23 18:11:11', '2017-03-23 18:11:11', '2017-02-02 18:11:11', 12, '200.00'),
(490, '2017-03-24 14:45:10', '2017-03-24 14:45:10', '2017-03-11 14:45:10', 210, '110.00'),
(491, '2017-03-24 14:46:34', '2017-03-24 14:46:34', '2017-03-17 14:46:34', 148, '300.00'),
(492, '2017-03-24 14:47:00', '2017-03-24 14:47:00', '2017-03-17 14:47:00', 41, '60.00'),
(493, '2017-03-24 14:49:09', '2017-03-24 14:49:09', '2017-02-26 14:49:09', 211, '250.00'),
(494, '2017-03-24 14:49:44', '2017-03-24 14:49:44', '2017-02-26 14:49:44', 34, '200.00'),
(495, '2017-03-24 14:50:13', '2017-03-24 14:50:13', '2017-02-26 14:50:13', 58, '60.00'),
(496, '2017-03-24 14:50:45', '2017-03-24 14:50:45', '2017-02-26 14:50:45', 108, '1050.00'),
(497, '2017-03-24 14:51:20', '2017-03-24 14:51:20', '2017-02-27 14:51:20', 11, '200.00'),
(498, '2017-03-24 14:51:52', '2017-03-24 14:51:52', '2017-02-26 14:51:52', 8, '320.00'),
(499, '2017-03-24 14:52:25', '2017-03-24 14:52:25', '2017-02-26 14:52:25', 182, '1000.00'),
(500, '2017-03-24 14:53:03', '2017-03-24 14:53:03', '2017-02-26 14:53:03', 26, '250.00'),
(501, '2017-03-24 14:53:52', '2017-03-24 14:53:52', '2017-02-19 14:53:52', 107, '500.00'),
(502, '2017-03-24 14:54:23', '2017-03-24 14:54:23', '2017-02-16 14:54:23', 20, '400.00'),
(503, '2017-03-24 14:56:25', '2017-03-24 14:56:25', '2017-02-20 14:56:25', 110, '100.00'),
(504, '2017-03-24 14:59:55', '2017-03-24 14:59:55', '2017-02-18 14:59:55', 193, '500.00'),
(505, '2017-03-24 15:00:43', '2017-03-24 15:00:43', '2017-02-18 15:00:43', 34, '200.00'),
(506, '2017-03-24 15:01:14', '2017-03-24 15:01:14', '2017-02-18 15:01:14', 134, '400.00'),
(507, '2017-03-24 15:04:14', '2017-03-24 15:04:14', '2017-02-18 15:04:14', 59, '500.00'),
(508, '2017-03-24 15:04:49', '2017-03-24 15:04:49', '2017-02-18 15:04:49', 70, '100.00'),
(509, '2017-03-24 15:05:19', '2017-03-24 15:05:19', '2017-02-18 15:05:19', 67, '100.00'),
(510, '2017-03-24 15:05:40', '2017-03-24 15:05:40', '2017-02-18 15:05:40', 164, '330.00'),
(511, '2017-03-24 15:06:09', '2017-03-24 15:06:09', '2017-02-18 15:06:09', 32, '200.00'),
(512, '2017-03-24 15:06:50', '2017-03-24 15:06:50', '2017-02-18 15:06:50', 100, '400.00'),
(513, '2017-03-24 15:11:14', '2017-03-24 15:11:14', '2017-02-18 15:11:14', 138, '100.00'),
(514, '2017-03-24 15:17:58', '2017-03-24 15:17:58', '2017-02-18 15:17:58', 214, '50.00'),
(515, '2017-03-24 15:23:18', '2017-03-24 15:23:18', '2017-02-18 15:23:18', 80, '860.00'),
(516, '2017-03-24 15:25:32', '2017-03-24 15:25:32', '2017-02-18 15:25:32', 216, '100.00'),
(517, '2017-03-24 15:26:00', '2017-03-24 15:26:00', '2017-02-18 15:26:00', 163, '50.00'),
(518, '2017-03-24 15:27:29', '2017-03-24 15:27:29', '2017-02-18 15:27:29', 217, '100.00'),
(519, '2017-03-24 15:28:04', '2017-03-24 15:28:04', '2017-02-18 15:28:04', 102, '70.00'),
(520, '2017-03-24 15:30:39', '2017-03-24 15:30:39', '2017-02-18 15:30:39', 218, '50.00'),
(521, '2017-03-24 15:31:07', '2017-03-24 15:31:07', '2017-02-18 15:31:07', 29, '250.00'),
(522, '2017-03-24 15:31:32', '2017-03-24 15:31:32', '2017-02-18 15:31:32', 58, '30.00'),
(523, '2017-03-24 15:32:12', '2017-03-24 15:32:12', '2017-02-18 15:32:12', 22, '264.00'),
(524, '2017-03-24 15:32:50', '2017-03-24 15:32:50', '2017-02-16 15:32:50', 41, '50.00'),
(525, '2017-03-24 15:34:39', '2017-03-24 15:34:39', '2017-02-17 15:34:39', 117, '1030.00'),
(526, '2017-03-24 15:35:28', '2017-03-24 15:35:28', '2017-02-16 15:35:28', 116, '400.00'),
(527, '2017-03-24 15:35:51', '2017-03-24 15:35:51', '2017-02-16 15:35:51', 145, '500.00'),
(528, '2017-03-24 15:36:22', '2017-03-24 15:36:22', '2017-02-16 15:36:22', 32, '200.00'),
(529, '2017-03-24 15:36:53', '2017-03-24 15:36:53', '2017-02-16 15:36:53', 11, '50.00'),
(530, '2017-03-24 15:37:37', '2017-03-24 15:37:37', '2017-02-23 15:37:37', 35, '300.00'),
(531, '2017-03-24 15:38:05', '2017-03-24 15:38:05', '2017-02-23 15:38:05', 76, '300.00'),
(532, '2017-03-24 15:38:37', '2017-03-24 15:38:37', '2017-02-23 15:38:37', 7, '700.00'),
(533, '2017-03-24 15:39:08', '2017-03-24 15:39:08', '2017-02-25 15:39:08', 88, '570.00'),
(534, '2017-03-24 15:39:46', '2017-03-24 15:39:46', '2017-02-23 15:39:46', 178, '100.00'),
(535, '2017-03-24 15:40:19', '2017-03-24 15:40:19', '2017-02-23 15:40:19', 167, '300.00'),
(536, '2017-03-24 15:40:54', '2017-03-24 15:40:54', '2017-02-23 15:40:54', 164, '250.00'),
(537, '2017-03-24 15:41:25', '2017-03-24 15:41:25', '2017-02-23 15:41:25', 151, '30.00'),
(538, '2017-03-24 15:42:47', '2017-03-24 15:42:47', '2017-02-23 15:42:47', 199, '400.00'),
(539, '2017-03-24 15:43:18', '2017-03-24 15:43:18', '2017-02-19 15:43:18', 80, '56.00'),
(540, '2017-03-24 15:44:00', '2017-03-24 15:44:00', '2017-02-18 15:44:00', 103, '100.00'),
(541, '2017-03-24 15:46:05', '2017-03-24 15:46:05', '2017-02-14 15:46:05', 219, '350.00'),
(542, '2017-03-24 15:47:06', '2017-03-24 15:47:06', '2017-02-19 15:47:06', 169, '2260.00'),
(543, '2017-03-24 15:55:27', '2017-03-24 15:55:27', '2017-02-19 15:55:27', 101, '100.00'),
(544, '2017-03-24 15:57:25', '2017-03-24 15:57:25', '2017-02-19 15:57:25', 26, '250.00'),
(545, '2017-03-24 15:59:06', '2017-03-24 15:59:06', '2017-02-19 15:59:06', 220, '50.00'),
(546, '2017-03-24 16:00:47', '2017-03-24 16:00:47', '2017-02-19 16:00:47', 221, '26.00'),
(547, '2017-03-24 16:01:45', '2017-03-24 16:01:45', '2017-02-19 16:01:45', 188, '2000.00'),
(548, '2017-03-24 16:02:15', '2017-03-24 16:02:15', '2017-02-19 16:02:15', 189, '220.00'),
(549, '2017-03-24 16:06:40', '2017-03-24 16:06:40', '2017-03-22 16:06:40', 142, '10.00'),
(550, '2017-03-24 16:07:17', '2017-03-24 16:07:17', '2017-03-22 16:07:17', 150, '20.00'),
(551, '2017-03-24 16:08:39', '2017-03-24 16:08:39', '2017-03-22 16:08:39', 110, '20.00'),
(552, '2017-03-24 16:11:39', '2017-03-24 16:11:39', '2017-03-22 16:11:39', 210, '50.00'),
(553, '2017-03-24 16:12:01', '2017-03-24 16:12:01', '2017-03-22 16:12:01', 85, '50.00'),
(554, '2017-03-24 16:12:39', '2017-03-24 16:12:39', '2017-03-21 16:12:39', 70, '100.00'),
(555, '2017-03-24 16:13:07', '2017-03-24 16:13:07', '2017-03-22 16:13:07', 10, '100.00'),
(556, '2017-03-24 16:18:54', '2017-03-24 16:18:54', '2017-03-19 16:18:54', 174, '900.00'),
(557, '2017-03-24 16:21:37', '2017-03-24 16:21:37', '2017-03-19 16:21:37', 59, '500.00'),
(558, '2017-03-24 16:23:59', '2017-03-24 16:23:59', '2017-03-19 16:23:59', 117, '9000.00'),
(559, '2017-03-24 16:24:40', '2017-03-24 16:24:40', '2017-03-19 16:24:40', 62, '50.00'),
(560, '2017-03-24 16:25:13', '2017-03-24 16:25:13', '2017-03-19 16:25:13', 108, '1050.00'),
(561, '2017-03-24 16:25:42', '2017-03-24 16:25:42', '2017-03-19 16:25:42', 45, '100.00'),
(562, '2017-03-24 16:26:22', '2017-03-24 16:26:22', '2017-03-19 16:26:22', 57, '178.00'),
(563, '2017-03-24 16:26:47', '2017-03-24 16:26:47', '2017-03-19 16:26:47', 20, '700.00'),
(564, '2017-03-24 16:27:14', '2017-03-24 16:27:14', '2017-03-19 16:27:14', 19, '410.00'),
(565, '2017-03-24 16:27:39', '2017-03-24 16:27:39', '2017-03-19 16:27:39', 27, '400.00'),
(566, '2017-03-24 16:28:46', '2017-03-24 16:28:46', '2017-03-19 16:28:46', 26, '250.00'),
(567, '2017-03-24 16:29:14', '2017-03-24 16:29:14', '2017-03-19 16:29:14', 32, '200.00'),
(568, '2017-03-24 16:29:47', '2017-03-24 16:29:47', '2017-03-19 16:29:47', 178, '32.00'),
(569, '2017-03-24 16:31:15', '2017-03-24 16:31:15', '2017-03-19 16:31:15', 222, '20.00'),
(570, '2017-03-24 16:31:39', '2017-03-24 16:31:39', '2017-03-19 16:31:39', 13, '302.00'),
(571, '2017-03-24 16:33:21', '2017-03-24 16:33:21', '2017-03-19 16:33:21', 223, '190.00'),
(572, '2017-03-24 16:33:59', '2017-03-24 16:33:59', '2017-03-18 16:33:59', 178, '120.00');
INSERT INTO `diezmos` (`id`, `created_at`, `updated_at`, `fecha`, `persona_id`, `importe`) VALUES
(573, '2017-03-24 16:34:23', '2017-03-24 16:34:23', '2017-03-18 16:34:23', 107, '500.00'),
(574, '2017-03-24 16:59:22', '2017-03-24 16:59:22', '2017-03-11 16:59:22', 101, '200.00'),
(575, '2017-03-24 17:03:38', '2017-03-24 17:03:38', '2017-03-18 17:03:38', 130, '160.00'),
(576, '2017-03-24 17:05:08', '2017-03-24 17:05:08', '2017-03-18 17:05:08', 78, '20.00'),
(577, '2017-03-24 17:05:49', '2017-03-24 17:05:49', '2017-03-18 17:05:49', 158, '127.00'),
(578, '2017-03-24 17:06:38', '2017-03-24 17:06:38', '2017-03-18 17:06:38', 213, '100.00'),
(579, '2017-03-24 17:07:09', '2017-03-24 17:07:09', '2017-03-18 17:07:09', 32, '200.00'),
(580, '2017-03-24 17:08:15', '2017-03-24 17:08:15', '2017-03-18 17:08:15', 85, '100.00'),
(581, '2017-03-24 17:08:54', '2017-03-24 17:08:54', '2017-03-18 17:08:54', 156, '200.00'),
(582, '2017-03-24 17:09:32', '2017-03-24 17:09:32', '2017-03-18 17:09:32', 54, '100.00'),
(583, '2017-03-24 17:10:03', '2017-03-24 17:10:03', '2017-03-18 17:10:03', 58, '30.00'),
(584, '2017-03-24 17:11:55', '2017-03-24 17:11:55', '2017-03-18 17:11:55', 71, '800.00'),
(585, '2017-03-24 17:12:56', '2017-03-24 17:12:56', '2017-03-17 17:12:56', 87, '15.00'),
(586, '2017-03-24 17:13:26', '2017-03-24 17:13:26', '2017-03-18 17:13:26', 212, '200.00'),
(587, '2017-03-24 17:16:21', '2017-03-24 17:16:21', '2017-03-18 17:16:21', 224, '215.00'),
(588, '2017-03-24 17:16:58', '2017-03-24 17:16:58', '2017-03-18 17:16:58', 34, '200.00'),
(589, '2017-03-24 17:17:41', '2017-03-24 17:17:41', '2017-03-18 17:17:41', 124, '27.00'),
(590, '2017-03-24 17:18:09', '2017-03-24 17:18:09', '2017-03-18 17:18:09', 127, '500.00'),
(591, '2017-03-24 17:18:37', '2017-03-24 17:18:37', '2017-03-18 17:18:37', 142, '10.00'),
(592, '2017-03-24 17:19:08', '2017-03-24 17:19:08', '2017-03-18 17:19:08', 86, '100.00'),
(593, '2017-03-24 17:20:17', '2017-03-24 17:20:17', '2017-03-18 17:20:17', 60, '215.00'),
(594, '2017-03-24 17:21:08', '2017-03-24 17:21:08', '2017-03-18 17:21:08', 80, '120.00'),
(595, '2017-03-24 17:21:44', '2017-03-24 17:21:44', '2017-03-18 17:21:44', 70, '100.00'),
(596, '2017-03-24 17:23:21', '2017-03-24 17:23:21', '2017-03-18 17:23:21', 225, '40.00'),
(597, '2017-03-24 17:24:27', '2017-03-24 17:24:27', '2017-03-18 17:24:27', 15, '1730.00'),
(598, '2017-03-24 17:24:57', '2017-03-24 17:24:57', '2017-03-18 17:24:57', 169, '1120.00'),
(599, '2017-03-24 17:25:40', '2017-03-24 17:25:40', '2017-03-11 17:25:40', 190, '400.00'),
(600, '2017-03-24 17:27:35', '2017-03-24 17:27:35', '2017-03-18 17:27:35', 226, '170.00'),
(601, '2017-03-24 17:29:09', '2017-03-24 17:29:09', '2017-03-18 17:29:09', 227, '300.00'),
(602, '2017-03-24 17:30:57', '2017-03-24 17:30:57', '2017-03-18 17:30:57', 228, '15.00'),
(603, '2017-03-24 17:31:32', '2017-03-24 17:31:32', '2017-03-18 17:31:32', 79, '40.00'),
(604, '2017-03-24 17:32:44', '2017-03-24 17:32:44', '2017-03-04 17:32:44', 80, '102.00'),
(605, '2017-03-24 17:34:00', '2017-03-24 17:34:00', '2017-03-05 17:34:00', 80, '35.00'),
(606, '2017-03-24 17:37:27', '2017-03-24 17:37:27', '2017-03-05 17:37:27', 164, '850.00'),
(607, '2017-03-24 17:37:57', '2017-03-24 17:37:57', '2017-03-05 17:37:57', 34, '200.00'),
(608, '2017-03-24 17:38:38', '2017-03-24 17:38:38', '2017-03-06 17:38:38', 85, '30.00'),
(609, '2017-03-24 17:39:22', '2017-03-24 17:39:22', '2017-03-05 17:39:22', 127, '600.00'),
(610, '2017-03-24 17:40:01', '2017-03-24 17:40:01', '2017-03-05 17:40:01', 150, '20.00'),
(611, '2017-03-24 17:41:57', '2017-03-24 17:41:57', '2017-03-05 17:41:57', 13, '175.00'),
(612, '2017-03-24 17:42:31', '2017-03-24 17:42:31', '2017-03-05 17:42:31', 140, '400.00'),
(613, '2017-03-24 17:43:04', '2017-03-24 17:43:04', '2017-02-28 17:43:04', 115, '300.00'),
(614, '2017-03-24 17:43:36', '2017-03-24 17:43:36', '2017-03-05 17:43:36', 11, '100.00'),
(615, '2017-03-24 17:44:01', '2017-03-24 17:44:01', '2017-03-05 17:44:01', 103, '100.00'),
(616, '2017-03-24 17:44:27', '2017-03-24 17:44:27', '2017-03-05 17:44:27', 31, '100.00'),
(617, '2017-03-24 17:45:11', '2017-03-24 17:45:11', '2017-03-07 17:45:11', 139, '1300.00'),
(618, '2017-03-24 17:45:41', '2017-03-24 17:45:41', '2017-03-06 17:45:41', 197, '600.00'),
(619, '2017-03-24 17:46:19', '2017-03-24 17:46:19', '2017-03-06 17:46:19', 88, '250.00'),
(620, '2017-03-24 17:47:26', '2017-03-24 17:47:26', '2017-03-12 17:47:26', 8, '320.00'),
(621, '2017-03-24 17:47:57', '2017-03-24 17:47:57', '2017-03-12 17:47:57', 46, '300.00'),
(622, '2017-03-24 17:49:01', '2017-03-24 17:49:01', '2017-03-12 17:49:01', 107, '250.00'),
(623, '2017-03-24 17:49:34', '2017-03-24 17:49:34', '2017-03-12 17:49:34', 80, '80.00'),
(624, '2017-03-24 17:50:16', '2017-03-24 17:50:16', '2017-03-12 17:50:16', 26, '250.00'),
(625, '2017-03-24 17:50:48', '2017-03-24 17:50:48', '2017-03-12 17:50:48', 19, '880.00'),
(626, '2017-03-24 17:51:59', '2017-03-24 17:51:59', '2017-03-12 17:51:59', 213, '100.00'),
(627, '2017-03-24 17:52:26', '2017-03-24 17:52:26', '2017-03-12 17:52:26', 212, '100.00'),
(628, '2017-03-24 17:52:53', '2017-03-24 17:52:53', '2017-03-12 17:52:53', 222, '30.00'),
(629, '2017-03-24 17:53:34', '2017-03-24 17:53:34', '2017-03-12 17:53:34', 29, '700.00'),
(630, '2017-03-24 17:54:52', '2017-03-24 17:54:52', '2017-03-12 17:54:52', 13, '140.00'),
(631, '2017-03-24 17:55:17', '2017-03-24 17:55:17', '2017-03-11 17:55:17', 222, '100.00'),
(632, '2017-03-24 17:56:49', '2017-03-24 17:56:49', '2017-03-11 17:56:49', 229, '100.00'),
(633, '2017-03-24 17:57:38', '2017-03-24 17:57:38', '2017-03-11 17:57:38', 41, '230.00'),
(634, '2017-03-24 17:58:06', '2017-03-24 17:58:06', '2017-03-11 17:58:06', 226, '150.00'),
(635, '2017-03-24 17:58:34', '2017-03-24 17:58:34', '2017-03-10 17:58:34', 110, '60.00'),
(636, '2017-03-24 18:01:24', '2017-03-24 18:01:24', '2017-03-11 18:01:24', 230, '20.00'),
(637, '2017-03-24 18:06:30', '2017-03-24 18:06:30', '2017-03-11 18:06:30', 231, '100.00'),
(638, '2017-03-24 18:07:49', '2017-03-24 18:07:49', '2017-03-11 18:07:49', 232, '200.00'),
(639, '2017-03-24 18:09:06', '2017-03-24 18:09:06', '2017-03-11 18:09:06', 233, '200.00'),
(640, '2017-03-24 18:09:32', '2017-03-24 18:09:32', '2017-03-11 18:09:32', 70, '100.00'),
(641, '2017-03-24 18:10:09', '2017-03-24 18:10:09', '2017-03-11 18:10:09', 157, '300.00'),
(642, '2017-03-24 18:11:21', '2017-03-24 18:11:21', '2017-03-11 18:11:21', 188, '1500.00'),
(643, '2017-03-24 18:12:57', '2017-03-24 18:12:57', '2017-03-11 18:12:57', 234, '200.00'),
(644, '2017-03-24 18:13:48', '2017-03-24 18:13:48', '2017-03-11 18:13:48', 227, '300.00'),
(645, '2017-03-24 18:14:17', '2017-03-24 18:14:17', '2017-03-11 18:14:17', 158, '500.00'),
(646, '2017-03-24 18:15:34', '2017-03-24 18:15:34', '2017-03-11 18:15:34', 235, '110.00'),
(647, '2017-03-24 18:16:01', '2017-03-24 18:16:01', '2017-03-11 18:16:01', 32, '300.00'),
(648, '2017-03-24 18:16:26', '2017-03-24 18:16:26', '2017-03-11 18:16:26', 109, '500.00'),
(649, '2017-03-24 18:16:50', '2017-03-24 18:16:50', '2017-03-11 18:16:50', 150, '30.00'),
(650, '2017-03-24 18:17:48', '2017-03-24 18:17:48', '2017-03-11 18:17:48', 149, '50.00'),
(651, '2017-03-24 18:19:22', '2017-03-24 18:19:22', '2017-03-11 18:19:22', 236, '50.00'),
(652, '2017-03-24 18:20:23', '2017-03-24 18:20:23', '2017-03-11 18:20:23', 184, '500.00'),
(653, '2017-03-24 18:20:46', '2017-03-24 18:20:46', '2017-03-11 18:20:46', 71, '500.00'),
(654, '2017-03-24 18:21:24', '2017-03-24 18:21:24', '2017-02-11 18:21:24', 159, '50.00'),
(655, '2017-03-24 18:22:43', '2017-03-24 18:22:43', '2017-03-11 18:22:43', 237, '110.00'),
(656, '2017-03-24 18:23:10', '2017-03-24 18:23:10', '2017-03-11 18:23:10', 24, '400.00'),
(657, '2017-03-24 18:23:33', '2017-03-24 18:23:33', '2017-03-11 18:23:33', 49, '100.00'),
(658, '2017-03-24 18:24:21', '2017-03-24 18:24:21', '2017-03-11 18:24:21', 155, '10.00'),
(659, '2017-03-24 18:24:51', '2017-03-24 18:24:51', '2017-03-11 18:24:51', 80, '112.00'),
(660, '2017-03-24 18:25:12', '2017-03-24 18:25:12', '2017-03-11 18:25:12', 23, '80.00'),
(661, '2017-03-24 18:25:54', '2017-03-24 18:25:54', '2017-03-11 18:25:54', 99, '50.00'),
(662, '2017-03-24 18:54:29', '2017-03-24 18:54:29', '2017-01-20 18:54:29', 80, '500.00'),
(663, '2017-03-24 18:55:12', '2017-03-24 18:55:12', '2017-03-08 18:55:12', 106, '160.00'),
(664, '2017-03-24 18:55:44', '2017-03-24 18:55:44', '2017-03-08 18:55:44', 18, '1000.00'),
(665, '2017-03-24 18:56:38', '2017-03-24 18:56:38', '2017-02-05 18:56:38', 54, '200.00'),
(666, '2017-03-24 18:57:14', '2017-03-24 18:57:14', '2017-03-08 18:57:14', 70, '100.00'),
(667, '2017-03-24 18:59:31', '2017-03-24 18:59:31', '2017-03-08 18:59:31', 238, '300.00'),
(668, '2017-03-24 18:59:59', '2017-03-24 18:59:59', '2017-03-08 18:59:59', 41, '100.00'),
(669, '2017-03-24 19:02:11', '2017-03-24 19:02:11', '2017-03-05 19:02:11', 26, '250.00'),
(670, '2017-03-24 19:02:50', '2017-03-24 19:02:50', '2017-02-09 19:02:50', 49, '50.00'),
(671, '2017-03-24 19:03:29', '2017-03-24 19:03:29', '2017-02-09 19:03:29', 58, '155.00'),
(672, '2017-03-24 19:04:07', '2017-03-24 19:04:07', '2017-02-09 19:04:07', 163, '270.00'),
(673, '2017-03-24 19:05:11', '2017-03-24 19:05:11', '2017-02-09 19:05:11', 239, '600.00'),
(674, '2017-03-24 19:06:15', '2017-03-24 19:06:15', '2017-02-09 19:06:15', 80, '160.00'),
(675, '2017-03-24 19:06:44', '2017-03-24 19:06:44', '2017-02-09 19:06:44', 32, '100.00'),
(676, '2017-03-24 19:11:31', '2017-03-24 19:11:31', '2017-02-13 19:11:31', 65, '180.00'),
(677, '2017-03-24 19:12:03', '2017-03-24 19:12:03', '2017-02-13 19:12:03', 11, '300.00'),
(678, '2017-03-24 19:16:33', '2017-03-24 19:16:33', '2017-02-26 19:16:33', 13, '764.00'),
(679, '2017-03-24 19:17:18', '2017-03-24 19:17:18', '2017-02-27 19:17:18', 41, '100.00'),
(680, '2017-03-24 19:17:53', '2017-03-24 19:17:53', '2017-02-18 19:17:53', 79, '30.00'),
(681, '2017-03-24 19:19:48', '2017-03-24 19:19:48', '2017-03-01 19:19:48', 61, '200.00'),
(682, '2017-03-24 19:20:18', '2017-03-24 19:20:18', '2017-03-01 19:20:18', 142, '10.00'),
(683, '2017-03-24 19:21:25', '2017-03-24 19:21:25', '2017-03-01 19:21:25', 124, '110.00'),
(684, '2017-03-24 19:21:53', '2017-03-24 19:21:53', '2017-03-01 19:21:53', 29, '250.00'),
(685, '2017-03-24 19:23:53', '2017-03-24 19:23:53', '2017-03-01 19:23:53', 240, '10.00'),
(686, '2017-03-24 19:29:16', '2017-03-24 19:29:16', '2017-03-01 19:29:16', 241, '25.00'),
(687, '2017-03-24 19:30:52', '2017-03-24 19:30:52', '2017-03-01 19:30:52', 80, '100.00'),
(688, '2017-03-24 19:45:03', '2017-03-24 19:45:03', '2017-03-04 19:45:03', 193, '500.00'),
(689, '2017-03-24 19:45:28', '2017-03-24 19:45:28', '2017-03-04 19:45:28', 35, '430.00'),
(690, '2017-03-24 19:46:04', '2017-03-24 19:46:04', '2017-03-04 19:46:04', 156, '500.00'),
(691, '2017-03-24 19:46:39', '2017-03-24 19:46:39', '2017-03-04 19:46:39', 19, '1520.00'),
(692, '2017-03-24 19:47:59', '2017-03-24 19:47:59', '2017-03-04 19:47:59', 124, '20.00'),
(693, '2017-03-24 19:48:52', '2017-03-24 19:48:52', '2017-03-04 19:48:52', 142, '10.00'),
(694, '2017-03-24 19:49:29', '2017-03-24 19:49:29', '2017-03-04 19:49:29', 165, '20.00'),
(695, '2017-03-24 19:49:52', '2017-03-24 19:49:52', '2017-03-04 19:49:52', 202, '100.00'),
(696, '2017-03-24 19:50:16', '2017-03-24 19:50:16', '2017-03-04 19:50:16', 46, '300.00'),
(697, '2017-03-24 19:51:50', '2017-03-24 19:51:50', '2017-03-04 19:51:50', 70, '100.00'),
(698, '2017-03-24 19:52:41', '2017-03-24 19:52:41', '2017-03-04 19:52:41', 134, '400.00'),
(699, '2017-03-24 19:53:05', '2017-03-24 19:53:05', '2017-03-04 19:53:05', 32, '100.00'),
(700, '2017-03-24 19:53:49', '2017-03-24 19:53:49', '2017-03-04 19:53:49', 205, '300.00'),
(701, '2017-03-24 19:54:18', '2017-03-24 19:54:18', '2017-03-04 19:54:18', 226, '100.00'),
(702, '2017-03-24 19:55:17', '2017-03-24 19:55:17', '2017-03-04 19:55:17', 67, '100.00'),
(703, '2017-03-24 19:55:52', '2017-03-24 19:55:52', '2017-03-04 19:55:52', 163, '900.00'),
(704, '2017-03-24 19:56:24', '2017-03-24 19:56:24', '2017-03-04 19:56:24', 218, '50.00'),
(705, '2017-03-24 19:58:46', '2017-03-24 19:58:46', '2017-03-04 19:58:46', 242, '500.00'),
(706, '2017-03-24 20:05:55', '2017-03-24 20:05:55', '2017-03-04 20:05:55', 243, '200.00'),
(707, '2017-03-24 20:09:54', '2017-03-24 20:09:54', '2017-02-25 20:09:54', 152, '50.00'),
(708, '2017-03-24 20:13:41', '2017-03-24 20:13:41', '2017-02-25 20:13:41', 69, '100.00'),
(709, '2017-03-24 20:14:21', '2017-03-24 20:14:21', '2017-02-25 20:14:21', 206, '22.00'),
(710, '2017-03-24 20:16:33', '2017-03-24 20:16:33', '2017-02-25 20:16:33', 166, '10.00'),
(711, '2017-03-24 20:17:24', '2017-03-24 20:17:24', '2017-02-25 20:17:24', 218, '65.00'),
(712, '2017-03-24 20:18:06', '2017-03-24 20:18:06', '2017-02-25 20:18:06', 150, '20.00'),
(713, '2017-03-24 20:19:41', '2017-03-24 20:19:41', '2017-02-25 20:19:41', 244, '35.00'),
(714, '2017-03-24 20:20:36', '2017-03-24 20:20:36', '2017-02-25 20:20:36', 147, '10.00'),
(715, '2017-03-24 20:21:14', '2017-03-24 20:21:14', '2017-02-25 20:21:14', 45, '100.00'),
(716, '2017-03-24 20:21:47', '2017-03-24 20:21:47', '2017-02-25 20:21:47', 80, '100.00'),
(717, '2017-03-25 00:02:06', '2017-03-25 00:02:06', '2017-02-26 00:02:06', 196, '300.00'),
(718, '2017-03-25 00:03:14', '2017-03-25 00:03:14', '2017-02-26 00:03:14', 213, '100.00'),
(719, '2017-03-25 00:03:53', '2017-03-25 00:03:53', '2017-02-26 00:03:53', 212, '100.00'),
(720, '2017-03-25 00:04:20', '2017-03-25 00:04:20', '2017-02-26 00:04:20', 50, '200.00'),
(721, '2017-03-25 00:05:50', '2017-03-25 00:05:50', '2017-02-26 00:05:50', 238, '250.00'),
(722, '2017-03-25 00:06:15', '2017-03-25 00:06:15', '2017-02-26 00:06:15', 158, '115.00'),
(723, '2017-03-25 00:06:46', '2017-03-25 00:06:46', '2017-02-26 00:06:46', 35, '300.00'),
(724, '2017-03-25 00:07:10', '2017-03-25 00:07:10', '2017-02-26 00:07:10', 77, '150.00'),
(725, '2017-03-25 00:07:35', '2017-03-25 00:07:35', '2017-02-26 00:07:35', 164, '100.00'),
(726, '2017-03-25 00:08:16', '2017-03-25 00:08:16', '2017-02-26 00:08:16', 119, '650.00'),
(727, '2017-03-25 00:08:42', '2017-03-25 00:08:42', '2017-02-26 00:08:42', 132, '850.00'),
(728, '2017-03-25 00:09:20', '2017-03-25 00:09:20', '2017-02-26 00:09:20', 70, '100.00'),
(729, '2017-03-25 00:10:59', '2017-03-25 00:10:59', '2017-02-26 00:10:59', 245, '300.00'),
(730, '2017-03-25 00:11:23', '2017-03-25 00:11:23', '2017-02-26 00:11:23', 67, '100.00'),
(731, '2017-03-25 00:18:02', '2017-03-25 00:18:02', '2017-02-26 00:18:02', 246, '200.00'),
(732, '2017-03-25 00:19:15', '2017-03-25 00:19:15', '2017-02-28 00:19:15', 113, '440.00'),
(733, '2017-03-25 00:21:20', '2017-03-25 00:21:20', '2017-02-13 00:21:20', 62, '50.00'),
(734, '2017-03-25 00:22:07', '2017-03-25 00:22:07', '2017-02-13 00:22:07', 29, '250.00'),
(735, '2017-03-25 00:22:37', '2017-03-25 00:22:37', '2017-02-13 00:22:37', 24, '400.00'),
(736, '2017-03-25 00:23:05', '2017-03-25 00:23:05', '2017-02-13 00:23:05', 103, '100.00'),
(737, '2017-03-25 00:23:32', '2017-03-25 00:23:32', '2017-02-13 00:23:32', 46, '300.00'),
(738, '2017-03-25 00:23:55', '2017-03-25 00:23:55', '2017-02-13 00:23:55', 87, '20.00'),
(739, '2017-03-25 00:24:27', '2017-03-25 00:24:27', '2017-02-13 00:24:27', 14, '150.00'),
(740, '2017-03-25 00:24:57', '2017-03-25 00:24:57', '2017-02-13 00:24:57', 13, '261.00'),
(741, '2017-03-25 00:25:35', '2017-03-25 00:25:35', '2017-02-13 00:25:35', 110, '15.00'),
(742, '2017-03-25 00:25:58', '2017-03-25 00:25:58', '2017-02-12 00:25:58', 95, '250.00'),
(743, '2017-03-25 00:26:27', '2017-03-25 00:26:27', '2017-02-13 00:26:27', 26, '250.00'),
(744, '2017-03-25 00:26:57', '2017-03-25 00:26:57', '2017-02-13 00:26:57', 78, '20.00'),
(745, '2017-03-25 00:27:22', '2017-03-25 00:27:22', '2017-02-13 00:27:22', 15, '1600.00'),
(746, '2017-03-25 00:28:42', '2017-03-25 00:28:42', '2017-02-11 00:28:42', 109, '500.00'),
(747, '2017-03-25 00:29:10', '2017-03-25 00:29:10', '2017-02-12 00:29:10', 218, '50.00'),
(748, '2017-03-25 00:29:38', '2017-03-25 00:29:38', '2017-02-27 00:29:38', 32, '100.00'),
(749, '2017-03-25 00:30:03', '2017-03-25 00:30:03', '2017-02-27 00:30:03', 95, '250.00'),
(750, '2017-03-25 00:30:51', '2017-03-25 00:30:51', '2017-02-14 00:30:51', 107, '400.00'),
(751, '2017-03-25 00:31:12', '2017-03-25 00:31:12', '2017-02-27 00:31:12', 59, '400.00'),
(752, '2017-03-25 00:31:40', '2017-03-25 00:31:40', '2017-02-27 00:31:40', 187, '100.00'),
(753, '2017-03-25 00:36:14', '2017-03-25 00:36:14', '2017-02-12 00:36:14', 157, '300.00'),
(754, '2017-03-25 00:36:49', '2017-03-25 00:36:49', '2017-02-12 00:36:49', 10, '1000.00'),
(755, '2017-03-25 00:37:13', '2017-03-25 00:37:13', '2017-02-12 00:37:13', 59, '500.00'),
(756, '2017-03-25 00:37:37', '2017-03-25 00:37:37', '2017-02-12 00:37:37', 19, '530.00'),
(757, '2017-03-25 00:38:02', '2017-03-25 00:38:02', '2017-02-12 00:38:02', 35, '500.00'),
(758, '2017-03-25 00:38:27', '2017-03-25 00:38:27', '2017-02-12 00:38:27', 139, '1200.00'),
(759, '2017-03-25 00:38:55', '2017-03-25 00:38:55', '2017-02-12 00:38:55', 79, '100.00'),
(760, '2017-03-25 00:39:28', '2017-03-25 00:39:28', '2017-02-12 00:39:28', 110, '20.00'),
(761, '2017-03-25 00:39:52', '2017-03-25 00:39:52', '2017-02-12 00:39:52', 23, '25.00'),
(762, '2017-03-25 00:40:13', '2017-03-25 00:40:13', '2017-02-12 00:40:13', 158, '100.00'),
(763, '2017-03-25 00:40:37', '2017-03-25 00:40:37', '2017-02-12 00:40:37', 142, '10.00'),
(764, '2017-03-25 00:41:30', '2017-03-25 00:41:30', '2017-02-12 00:41:30', 184, '200.00'),
(765, '2017-03-25 00:42:39', '2017-03-25 00:42:39', '2017-02-12 00:42:39', 77, '150.00'),
(766, '2017-03-25 00:44:49', '2017-03-25 00:44:49', '2017-02-07 00:44:49', 247, '50.00'),
(767, '2017-03-25 00:45:19', '2017-03-25 00:45:19', '2017-02-12 00:45:19', 248, '20.00'),
(768, '2017-03-25 00:45:47', '2017-03-25 00:45:47', '2017-02-12 00:45:47', 123, '250.00'),
(769, '2017-03-25 00:46:21', '2017-03-25 00:46:21', '2017-02-06 00:46:21', 29, '250.00'),
(770, '2017-03-25 00:46:53', '2017-03-25 00:46:53', '2017-02-05 00:46:53', 140, '400.00'),
(771, '2017-03-25 00:47:26', '2017-03-25 00:47:26', '2017-02-05 00:47:26', 202, '350.00'),
(772, '2017-03-25 00:47:45', '2017-03-25 00:47:45', '2017-02-05 00:47:45', 14, '200.00'),
(773, '2017-03-25 00:49:52', '2017-03-25 00:49:52', '2017-02-05 00:49:52', 249, '50.00'),
(774, '2017-03-25 00:52:59', '2017-03-25 00:52:59', '2017-02-05 00:52:59', 250, '10.00'),
(775, '2017-03-25 00:53:33', '2017-03-25 00:53:33', '2017-02-05 00:53:33', 163, '403.00'),
(776, '2017-03-25 00:54:12', '2017-03-25 00:54:12', '2017-02-05 00:54:12', 127, '1135.00'),
(777, '2017-03-25 00:54:49', '2017-03-25 00:54:49', '2017-02-05 00:54:49', 213, '100.00'),
(778, '2017-03-25 00:55:19', '2017-03-25 00:55:19', '2017-02-05 00:55:19', 212, '100.00'),
(779, '2017-03-25 00:56:03', '2017-03-25 00:56:03', '2017-02-05 00:56:03', 234, '400.00'),
(780, '2017-03-25 00:56:30', '2017-03-25 00:56:30', '2017-02-05 00:56:30', 35, '300.00'),
(781, '2017-03-25 00:56:55', '2017-03-25 00:56:55', '2017-02-05 00:56:55', 39, '300.00'),
(782, '2017-03-25 00:57:37', '2017-03-25 00:57:37', '2017-02-05 00:57:37', 49, '100.00'),
(783, '2017-03-25 00:58:18', '2017-03-25 00:58:18', '2017-02-05 00:58:18', 73, '1400.00'),
(784, '2017-03-25 00:58:46', '2017-03-25 00:58:46', '2017-02-06 00:58:46', 171, '100.00'),
(785, '2017-03-25 00:59:35', '2017-03-25 00:59:35', '2017-02-05 00:59:35', 92, '700.00'),
(786, '2017-03-25 00:59:59', '2017-03-25 00:59:59', '2017-02-06 00:59:59', 26, '250.00'),
(787, '2017-03-25 01:00:26', '2017-03-25 01:00:26', '2017-02-06 01:00:26', 126, '36.00'),
(788, '2017-03-25 01:02:37', '2017-03-25 01:02:37', '2017-02-11 01:02:37', 251, '150.00'),
(789, '2017-03-25 01:04:57', '2017-03-25 01:04:57', '2017-02-13 01:04:57', 198, '100.00'),
(790, '2017-05-02 17:13:52', '2017-05-02 17:13:52', '2017-03-15 17:13:52', 70, '100.00'),
(791, '2017-05-02 17:14:55', '2017-05-02 17:14:55', '2017-03-15 17:14:55', 56, '100.00'),
(792, '2017-05-02 17:15:20', '2017-05-02 17:15:20', '2017-03-15 17:15:20', 55, '100.00'),
(793, '2017-05-02 17:15:41', '2017-05-02 17:15:41', '2017-03-13 17:15:41', 23, '30.00'),
(794, '2017-05-02 17:16:34', '2017-05-02 17:16:34', '2017-03-15 17:16:34', 7, '2000.00'),
(795, '2017-05-02 17:17:10', '2017-05-02 17:17:10', '2017-03-15 17:17:10', 116, '500.00'),
(796, '2017-05-02 17:17:41', '2017-05-02 17:17:41', '2017-03-15 17:17:41', 113, '500.00'),
(798, '2017-05-02 17:21:18', '2017-05-02 17:21:18', '2017-04-05 17:21:18', 161, '3000.00'),
(799, '2017-05-02 17:22:00', '2017-05-02 17:22:00', '2017-04-05 17:22:00', 162, '3000.00'),
(800, '2017-05-02 17:24:47', '2017-05-02 17:24:47', '2017-03-26 17:24:47', 13, '202.00'),
(801, '2017-05-02 17:25:36', '2017-05-02 17:25:36', '2017-03-26 17:25:36', 62, '100.00'),
(802, '2017-05-02 17:26:34', '2017-05-02 17:26:34', '2017-03-26 17:26:34', 15, '145.00'),
(803, '2017-05-02 17:27:14', '2017-05-02 17:27:14', '2017-03-26 17:27:14', 222, '26.00'),
(804, '2017-05-02 17:27:40', '2017-05-02 17:27:40', '2017-03-26 17:27:40', 85, '50.00'),
(805, '2017-05-02 17:30:36', '2017-05-02 17:30:36', '2017-03-26 17:30:36', 196, '400.00'),
(806, '2017-05-02 17:32:54', '2017-05-02 17:32:54', '2017-03-26 17:32:54', 252, '10.00'),
(807, '2017-05-02 17:33:23', '2017-05-02 17:33:23', '2017-03-26 17:33:23', 32, '100.00'),
(808, '2017-05-02 17:34:06', '2017-05-02 17:34:06', '2017-03-26 17:34:06', 26, '250.00'),
(809, '2017-05-02 17:34:52', '2017-05-02 17:34:52', '2017-03-25 17:34:52', 32, '200.00'),
(810, '2017-05-02 17:35:17', '2017-05-02 17:35:17', '2017-04-03 17:35:17', 32, '100.00'),
(811, '2017-05-02 17:36:58', '2017-05-02 17:36:58', '2017-03-02 17:36:58', 92, '400.00'),
(812, '2017-05-02 17:37:36', '2017-05-02 17:37:36', '2017-04-02 17:37:36', 23, '50.00'),
(813, '2017-05-02 17:39:03', '2017-05-02 17:39:03', '2017-03-31 17:39:03', 115, '300.00'),
(814, '2017-05-02 17:39:34', '2017-05-02 17:39:34', '2017-04-02 17:39:34', 29, '250.00'),
(815, '2017-05-02 17:40:06', '2017-05-02 17:40:06', '2017-03-24 17:40:06', 114, '100.00'),
(816, '2017-05-02 17:41:01', '2017-05-02 17:41:01', '2017-04-05 17:41:01', 139, '1200.00'),
(817, '2017-05-02 17:41:34', '2017-05-02 17:41:34', '2017-04-05 17:41:34', 167, '300.00'),
(818, '2017-05-02 17:44:01', '2017-05-02 17:44:01', '2017-04-05 17:44:01', 254, '100.00'),
(819, '2017-05-02 17:45:51', '2017-05-02 17:45:51', '2017-04-05 17:45:51', 255, '300.00'),
(820, '2017-05-02 17:47:32', '2017-05-02 17:47:32', '2017-04-05 17:47:32', 80, '35.00'),
(821, '2017-05-02 17:48:26', '2017-05-02 17:48:26', '2017-04-05 17:48:26', 32, '100.00'),
(822, '2017-05-02 17:52:09', '2017-05-02 17:52:09', '2017-04-13 17:52:09', 117, '800.00'),
(823, '2017-05-02 17:56:52', '2017-05-02 17:56:52', '2017-04-23 17:56:52', 256, '250.00'),
(824, '2017-05-02 17:57:20', '2017-05-02 17:57:20', '2017-04-22 17:57:20', 81, '100.00'),
(825, '2017-05-02 18:06:04', '2017-05-02 18:06:04', '2017-04-23 18:06:04', 95, '300.00'),
(826, '2017-05-02 18:32:21', '2017-05-02 18:32:21', '2017-04-23 18:32:21', 178, '120.00'),
(827, '2017-05-02 18:32:51', '2017-05-02 18:32:51', '2017-04-23 18:32:51', 77, '15.00'),
(828, '2017-05-02 18:33:36', '2017-05-02 18:33:36', '2017-04-29 18:33:36', 53, '100.00'),
(829, '2017-05-02 18:35:06', '2017-05-02 18:35:06', '2017-04-29 18:35:06', 184, '900.00'),
(830, '2017-05-02 18:38:01', '2017-05-02 18:38:01', '2017-04-29 18:38:01', 182, '1050.00'),
(831, '2017-05-02 18:39:42', '2017-05-02 18:39:42', '2017-04-30 18:39:42', 257, '200.00'),
(832, '2017-05-02 18:40:18', '2017-05-02 18:40:18', '2017-04-29 18:40:18', 50, '200.00'),
(833, '2017-05-02 18:40:49', '2017-05-02 18:40:49', '2017-04-18 18:40:49', 113, '500.00'),
(834, '2017-05-02 18:41:27', '2017-05-02 18:41:27', '2017-04-19 18:41:27', 92, '400.00'),
(835, '2017-05-02 18:42:00', '2017-05-02 18:42:00', '2017-04-18 18:42:00', 87, '300.00'),
(836, '2017-05-02 18:42:28', '2017-05-02 18:42:28', '2017-04-19 18:42:28', 137, '500.00'),
(837, '2017-05-02 18:43:03', '2017-05-02 18:43:03', '2017-04-19 18:43:03', 70, '100.00'),
(838, '2017-05-02 18:43:50', '2017-05-02 18:43:50', '2017-04-19 18:43:50', 256, '250.00'),
(839, '2017-05-02 18:44:25', '2017-05-02 18:44:25', '2017-04-19 18:44:25', 153, '1600.00'),
(840, '2017-05-02 18:44:59', '2017-05-02 18:44:59', '2017-04-19 18:44:59', 58, '50.00'),
(841, '2017-05-02 18:45:23', '2017-05-02 18:45:23', '2017-04-19 18:45:23', 65, '10.00'),
(842, '2017-05-02 18:47:15', '2017-05-02 18:47:15', '2017-04-12 18:47:15', 32, '200.00'),
(843, '2017-05-02 18:47:52', '2017-05-02 18:47:52', '2017-04-12 18:47:52', 235, '15.00'),
(844, '2017-05-02 18:48:15', '2017-05-02 18:48:15', '2017-04-12 18:48:15', 65, '200.00'),
(845, '2017-05-02 18:48:45', '2017-05-02 18:48:45', '2017-04-11 18:48:45', 101, '250.00'),
(846, '2017-05-02 18:49:12', '2017-05-02 18:49:12', '2017-04-12 18:49:12', 62, '100.00'),
(847, '2017-05-02 18:49:42', '2017-05-02 18:49:42', '2017-04-12 18:49:42', 148, '300.00'),
(848, '2017-05-02 18:50:24', '2017-05-02 18:50:24', '2017-04-10 18:50:24', 18, '1100.00'),
(849, '2017-05-02 20:22:32', '2017-05-02 20:22:32', '2017-04-12 20:22:32', 150, '10.00'),
(850, '2017-05-02 20:23:01', '2017-05-02 20:23:01', '2017-04-12 20:23:01', 27, '25.00'),
(851, '2017-05-02 20:23:28', '2017-05-02 20:23:28', '2017-04-12 20:23:28', 145, '600.00'),
(852, '2017-05-02 20:26:46', '2017-05-02 20:26:46', '2017-04-02 20:26:46', 107, '200.00'),
(853, '2017-05-02 20:27:29', '2017-05-02 20:27:29', '2017-04-02 20:27:29', 118, '500.00'),
(854, '2017-05-02 20:27:59', '2017-05-02 20:27:59', '2017-04-01 20:27:59', 71, '400.00'),
(855, '2017-05-02 20:29:12', '2017-05-02 20:29:12', '2017-04-01 20:29:12', 218, '50.00'),
(856, '2017-05-02 20:30:51', '2017-05-02 20:30:51', '2017-04-01 20:30:51', 178, '80.00'),
(857, '2017-05-02 20:31:19', '2017-05-02 20:31:19', '2017-03-26 20:31:19', 218, '80.00'),
(858, '2017-05-02 20:31:48', '2017-05-02 20:31:48', '2017-04-01 20:31:48', 227, '300.00'),
(859, '2017-05-02 20:32:14', '2017-05-02 20:32:14', '2017-04-01 20:32:14', 210, '80.00'),
(860, '2017-05-02 20:33:05', '2017-05-02 20:33:05', '2017-02-01 20:33:05', 256, '750.00'),
(861, '2017-05-02 20:33:47', '2017-05-02 20:33:47', '2017-04-01 20:33:47', 119, '700.00'),
(862, '2017-05-02 20:34:28', '2017-05-02 20:34:28', '2017-04-01 20:34:28', 226, '170.00'),
(863, '2017-05-02 20:36:28', '2017-05-02 20:36:28', '2017-04-01 20:36:28', 258, '500.00'),
(864, '2017-05-02 20:37:02', '2017-05-02 20:37:02', '2017-04-01 20:37:02', 32, '200.00'),
(865, '2017-05-02 20:38:13', '2017-05-02 20:38:13', '2017-04-01 20:38:13', 34, '200.00'),
(866, '2017-05-02 20:38:51', '2017-05-02 20:38:51', '2017-04-01 20:38:51', 123, '100.00'),
(867, '2017-05-02 20:39:22', '2017-05-02 20:39:22', '2017-04-01 20:39:22', 14, '200.00'),
(868, '2017-05-02 20:39:48', '2017-05-02 20:39:48', '2017-04-01 20:39:48', 98, '100.00'),
(869, '2017-05-02 20:40:19', '2017-05-02 20:40:19', '2017-04-01 20:40:19', 80, '260.00'),
(870, '2017-05-02 20:40:58', '2017-05-02 20:40:58', '2017-03-31 20:40:58', 132, '1700.00'),
(871, '2017-05-02 20:42:55', '2017-05-02 20:42:55', '2017-04-01 20:42:55', 259, '50.00'),
(872, '2017-05-02 20:43:46', '2017-05-02 20:43:46', '2017-04-01 20:43:46', 69, '180.00'),
(873, '2017-05-02 20:45:47', '2017-05-02 20:45:47', '2017-04-01 20:45:47', 260, '100.00'),
(874, '2017-05-02 20:46:15', '2017-05-02 20:46:15', '2017-04-01 20:46:15', 62, '100.00'),
(875, '2017-05-03 16:12:35', '2017-05-03 16:12:35', '2017-04-26 16:12:35', 178, '47.00'),
(876, '2017-05-03 16:14:13', '2017-05-03 16:14:13', '2017-04-26 16:14:13', 32, '200.00'),
(877, '2017-05-03 16:14:47', '2017-05-03 16:14:47', '2017-04-26 16:14:47', 46, '300.00'),
(878, '2017-05-03 16:15:11', '2017-05-03 16:15:11', '2017-04-26 16:15:11', 58, '170.00'),
(879, '2017-05-03 16:15:43', '2017-05-03 16:15:43', '2017-04-26 16:15:43', 110, '10.00'),
(880, '2017-05-03 16:16:34', '2017-05-03 16:16:34', '2017-03-25 16:16:34', 124, '19.00'),
(881, '2017-05-03 16:18:47', '2017-05-03 16:18:47', '2017-03-26 16:18:47', 110, '40.00'),
(882, '2017-05-03 16:19:29', '2017-05-03 16:19:29', '2017-03-27 16:19:29', 29, '625.00'),
(883, '2017-05-03 16:20:07', '2017-05-03 16:20:07', '2017-03-26 16:20:07', 107, '300.00'),
(884, '2017-05-03 16:20:27', '2017-05-03 16:20:27', '2017-03-26 16:20:27', 90, '100.00'),
(885, '2017-05-03 16:21:12', '2017-05-03 16:21:12', '2017-03-25 16:21:12', 127, '130.00'),
(886, '2017-05-03 16:21:34', '2017-05-03 16:21:34', '2017-03-25 16:21:34', 145, '550.00'),
(887, '2017-05-03 16:22:09', '2017-05-03 16:22:09', '2017-03-25 16:22:09', 88, '2120.00'),
(888, '2017-05-03 16:22:50', '2017-05-03 16:22:50', '2017-03-25 16:22:50', 226, '200.00'),
(889, '2017-05-03 16:23:20', '2017-05-03 16:23:20', '2017-03-25 16:23:20', 34, '200.00'),
(890, '2017-05-03 16:23:48', '2017-05-03 16:23:48', '2017-03-25 16:23:48', 73, '1500.00'),
(891, '2017-05-03 16:28:22', '2017-05-03 16:28:22', '2017-03-25 16:28:22', 261, '200.00'),
(892, '2017-05-03 16:28:45', '2017-05-03 16:28:45', '2017-03-25 16:28:45', 217, '100.00'),
(893, '2017-05-03 16:29:14', '2017-05-03 16:29:14', '2017-03-25 16:29:14', 166, '10.00'),
(894, '2017-05-03 16:29:51', '2017-05-03 16:29:51', '2017-03-25 16:29:51', 80, '760.00'),
(895, '2017-05-03 16:30:17', '2017-05-03 16:30:17', '2017-03-25 16:30:17', 46, '300.00'),
(896, '2017-05-03 16:31:17', '2017-05-03 16:31:17', '2017-03-25 16:31:17', 204, '1500.00'),
(897, '2017-05-03 16:32:27', '2017-05-03 16:32:27', '2017-03-25 16:32:27', 100, '400.00'),
(898, '2017-05-03 16:32:57', '2017-05-03 16:32:57', '2017-04-26 16:32:57', 105, '100.00'),
(899, '2017-05-03 16:33:27', '2017-05-03 16:33:27', '2017-03-25 16:33:27', 164, '150.00'),
(900, '2017-05-03 16:33:56', '2017-05-03 16:33:56', '2017-03-25 16:33:56', 19, '700.00'),
(901, '2017-05-03 16:34:31', '2017-05-03 16:34:31', '2017-03-25 16:34:31', 182, '1080.00'),
(902, '2017-05-03 16:35:09', '2017-05-03 16:35:09', '2017-03-26 16:35:09', 244, '30.00'),
(903, '2017-05-03 16:35:47', '2017-05-03 16:35:47', '2017-03-25 16:35:47', 70, '100.00'),
(904, '2017-05-03 16:37:13', '2017-05-03 16:37:13', '2017-03-24 16:37:13', 149, '100.00'),
(905, '2017-05-03 16:47:53', '2017-05-03 16:47:53', '2017-03-25 16:47:53', 262, '200.00'),
(906, '2017-05-03 16:48:23', '2017-05-03 16:48:23', '2017-03-25 16:48:23', 142, '10.00'),
(907, '2017-05-03 16:49:41', '2017-05-03 16:49:41', '2017-03-25 16:49:41', 184, '900.00'),
(908, '2017-05-03 16:50:13', '2017-05-03 16:50:13', '2017-03-25 16:50:13', 62, '50.00'),
(909, '2017-05-03 16:50:51', '2017-05-03 16:50:51', '2017-03-25 16:50:51', 45, '100.00'),
(910, '2017-05-03 16:51:18', '2017-05-03 16:51:18', '2017-03-25 16:51:18', 71, '400.00'),
(911, '2017-05-03 16:51:45', '2017-05-03 16:51:45', '2017-03-25 16:51:45', 58, '60.00'),
(912, '2017-05-03 16:52:13', '2017-05-03 16:52:13', '2017-03-25 16:52:13', 7, '1200.00'),
(913, '2017-05-03 16:57:01', '2017-05-03 16:57:01', '2017-04-08 16:57:01', 70, '100.00'),
(914, '2017-05-03 16:57:37', '2017-05-03 16:57:37', '2017-04-08 16:57:37', 90, '10.00'),
(915, '2017-05-03 16:58:02', '2017-05-03 16:58:02', '2017-04-09 16:58:02', 136, '10.00'),
(916, '2017-05-03 17:00:45', '2017-05-03 17:00:45', '2017-04-08 17:00:45', 263, '450.00'),
(917, '2017-05-03 17:01:28', '2017-05-03 17:01:28', '2017-04-08 17:01:28', 34, '200.00'),
(918, '2017-05-03 17:01:55', '2017-05-03 17:01:55', '2017-04-08 17:01:55', 32, '200.00'),
(919, '2017-05-03 17:02:19', '2017-05-03 17:02:19', '2017-04-08 17:02:19', 74, '500.00'),
(920, '2017-05-03 17:02:50', '2017-05-03 17:02:50', '2017-04-08 17:02:50', 73, '1500.00'),
(921, '2017-05-03 17:03:34', '2017-05-03 17:03:34', '2017-04-08 17:03:34', 132, '900.00'),
(922, '2017-05-03 17:04:50', '2017-05-03 17:04:50', '2017-04-08 17:04:50', 83, '500.00'),
(923, '2017-05-03 17:05:16', '2017-05-03 17:05:16', '2017-04-08 17:05:16', 35, '200.00'),
(924, '2017-05-03 17:05:46', '2017-05-03 17:05:46', '2017-04-08 17:05:46', 156, '300.00'),
(925, '2017-05-03 17:06:17', '2017-05-03 17:06:17', '2017-04-09 17:06:17', 41, '50.00'),
(926, '2017-05-03 17:08:10', '2017-05-03 17:08:10', '2017-04-08 17:08:10', 264, '100.00'),
(927, '2017-05-03 17:08:33', '2017-05-03 17:08:33', '2017-04-08 17:08:33', 8, '320.00'),
(929, '2017-05-03 17:15:05', '2017-05-03 17:15:05', '2017-04-10 17:15:05', 184, '600.00'),
(930, '2017-05-03 17:18:26', '2017-05-03 17:18:26', '2017-04-08 17:18:26', 266, '100.00'),
(931, '2017-05-03 17:18:47', '2017-05-03 17:18:47', '2017-04-08 17:18:47', 210, '150.00'),
(932, '2017-05-03 17:19:13', '2017-05-03 17:19:13', '2017-04-08 17:19:13', 84, '500.00'),
(933, '2017-05-03 17:22:33', '2017-05-03 17:22:33', '2017-03-31 17:22:33', 22, '400.00'),
(934, '2017-05-03 17:22:52', '2017-05-03 17:22:52', '2017-04-08 17:22:52', 19, '900.00'),
(935, '2017-05-03 17:23:12', '2017-05-03 17:23:12', '2017-04-08 17:23:12', 71, '300.00'),
(936, '2017-05-03 17:23:39', '2017-05-03 17:23:39', '2017-04-08 17:23:39', 157, '300.00'),
(937, '2017-05-03 17:30:45', '2017-05-03 17:30:45', '2017-03-07 17:30:45', 267, '100.00'),
(938, '2017-05-03 17:32:21', '2017-05-03 17:32:21', '2017-04-09 17:32:21', 178, '100.00'),
(939, '2017-05-03 17:32:52', '2017-05-03 17:32:52', '2017-04-09 17:32:52', 103, '100.00'),
(940, '2017-05-03 17:33:17', '2017-05-03 17:33:17', '2017-04-09 17:33:17', 26, '250.00'),
(941, '2017-05-03 17:33:59', '2017-05-03 17:33:59', '2017-04-10 17:33:59', 11, '170.00'),
(942, '2017-05-03 17:34:24', '2017-05-03 17:34:24', '2017-04-09 17:34:24', 39, '150.00'),
(943, '2017-05-03 17:35:37', '2017-05-03 17:35:37', '2017-04-10 17:35:37', 13, '402.00'),
(944, '2017-05-03 17:37:28', '2017-05-03 17:37:28', '2017-04-17 17:37:28', 268, '100.00'),
(945, '2017-05-03 17:38:53', '2017-05-03 17:38:53', '2017-04-17 17:38:53', 269, '100.00'),
(946, '2017-05-03 17:40:30', '2017-05-03 17:40:30', '2017-04-17 17:40:30', 270, '100.00'),
(947, '2017-05-03 17:40:56', '2017-05-03 17:40:56', '2017-04-17 17:40:56', 43, '400.00'),
(948, '2017-05-03 17:41:31', '2017-05-03 17:41:31', '2017-04-21 17:41:31', 188, '2200.00'),
(949, '2017-05-03 17:41:55', '2017-05-03 17:41:55', '2017-04-21 17:41:55', 189, '300.00'),
(950, '2017-05-03 17:42:30', '2017-05-03 17:42:30', '2017-04-08 17:42:30', 223, '600.00'),
(951, '2017-05-03 17:50:13', '2017-05-03 17:50:13', '2017-04-16 17:50:13', 256, '250.00'),
(952, '2017-05-03 17:52:06', '2017-05-03 17:52:06', '2017-04-16 17:52:06', 107, '400.00'),
(953, '2017-05-03 17:52:35', '2017-05-03 17:52:35', '2017-04-15 17:52:35', 226, '150.00'),
(954, '2017-05-03 17:52:56', '2017-05-03 17:52:56', '2017-04-15 17:52:56', 127, '1000.00'),
(955, '2017-05-03 17:53:22', '2017-05-03 17:53:22', '2017-04-15 17:53:22', 23, '21.00'),
(956, '2017-05-03 17:53:46', '2017-05-03 17:53:46', '2017-04-15 17:53:46', 200, '200.00'),
(957, '2017-05-03 17:54:05', '2017-05-03 17:54:05', '2017-04-15 17:54:05', 239, '600.00'),
(958, '2017-05-03 17:54:32', '2017-05-03 17:54:32', '2017-04-15 17:54:32', 131, '20.00'),
(959, '2017-05-03 17:55:15', '2017-05-03 17:55:15', '2017-04-15 17:55:15', 222, '40.00'),
(960, '2017-05-03 17:55:47', '2017-05-03 17:55:47', '2017-04-15 17:55:47', 205, '150.00'),
(961, '2017-05-03 17:56:26', '2017-05-03 17:56:26', '2017-04-15 17:56:26', 34, '200.00'),
(962, '2017-05-03 17:56:50', '2017-05-03 17:56:50', '2017-04-14 17:56:50', 123, '100.00'),
(963, '2017-05-03 17:57:29', '2017-05-03 17:57:29', '2017-04-15 17:57:29', 56, '100.00'),
(964, '2017-05-03 17:58:00', '2017-05-03 17:58:00', '2017-04-15 17:58:00', 244, '20.00'),
(965, '2017-05-03 17:58:40', '2017-05-03 17:58:40', '2017-04-15 17:58:40', 225, '20.00'),
(966, '2017-05-03 17:59:01', '2017-05-03 17:59:01', '2017-04-16 17:59:01', 263, '300.00'),
(967, '2017-05-03 17:59:35', '2017-05-03 17:59:35', '2017-04-15 17:59:35', 38, '300.00'),
(968, '2017-05-03 17:59:58', '2017-05-03 17:59:58', '2017-04-15 17:59:58', 35, '500.00'),
(969, '2017-05-03 18:00:21', '2017-05-03 18:00:21', '2017-04-15 18:00:21', 32, '200.00'),
(970, '2017-05-03 18:02:26', '2017-05-03 18:02:26', '2017-04-14 18:02:26', 271, '50.00'),
(971, '2017-05-03 18:03:08', '2017-05-03 18:03:08', '2017-04-15 18:03:08', 164, '3150.00'),
(972, '2017-05-03 18:03:33', '2017-05-03 18:03:33', '2017-04-15 18:03:33', 240, '10.00'),
(973, '2017-05-03 18:03:55', '2017-05-03 18:03:55', '2017-04-14 18:03:55', 29, '1000.00'),
(974, '2017-05-03 18:04:15', '2017-05-03 18:04:15', '2017-04-15 18:04:15', 142, '10.00'),
(975, '2017-05-03 18:04:45', '2017-05-03 18:04:45', '2017-04-15 18:04:45', 213, '100.00'),
(976, '2017-05-03 18:05:12', '2017-05-03 18:05:12', '2017-04-15 18:05:12', 212, '100.00'),
(977, '2017-05-03 18:05:44', '2017-05-03 18:05:44', '2017-04-15 18:05:44', 60, '125.00'),
(978, '2017-05-03 18:06:09', '2017-05-03 18:06:09', '2017-04-15 18:06:09', 224, '125.00'),
(979, '2017-05-03 18:06:55', '2017-05-03 18:06:55', '2017-04-15 18:06:55', 207, '200.00'),
(980, '2017-05-03 18:07:21', '2017-05-03 18:07:21', '2017-04-15 18:07:21', 83, '100.00'),
(981, '2017-05-03 18:07:47', '2017-05-03 18:07:47', '2017-04-15 18:07:47', 15, '900.00'),
(982, '2017-05-03 18:08:12', '2017-05-03 18:08:12', '2017-04-15 18:08:12', 236, '50.00'),
(983, '2017-05-03 18:08:44', '2017-05-03 18:08:44', '2017-04-15 18:08:44', 159, '50.00'),
(984, '2017-05-03 18:09:14', '2017-05-03 18:09:14', '2017-04-15 18:09:14', 41, '70.00'),
(985, '2017-05-03 18:09:41', '2017-05-03 18:09:41', '2017-04-15 18:09:41', 71, '150.00'),
(986, '2017-05-03 18:11:25', '2017-05-03 18:11:25', '2017-04-15 18:11:25', 272, '15.00'),
(987, '2017-05-03 18:11:45', '2017-05-03 18:11:45', '2017-04-15 18:11:45', 24, '500.00'),
(988, '2017-05-03 18:12:11', '2017-05-03 18:12:11', '2017-04-15 18:12:11', 11, '50.00'),
(989, '2017-05-03 18:12:27', '2017-05-03 18:12:27', '2017-04-15 18:12:27', 230, '25.00'),
(990, '2017-05-03 18:12:52', '2017-05-03 18:12:52', '2017-04-14 18:12:52', 108, '1500.00'),
(991, '2017-05-03 18:13:23', '2017-05-03 18:13:23', '2017-03-29 18:13:23', 80, '67.00'),
(992, '2017-05-03 18:13:50', '2017-05-03 18:13:50', '2017-03-29 18:13:50', 70, '100.00'),
(993, '2017-05-03 18:14:14', '2017-05-03 18:14:14', '2017-03-29 18:14:14', 39, '100.00'),
(994, '2017-05-03 18:14:48', '2017-05-03 18:14:48', '2017-03-29 18:14:48', 84, '500.00'),
(995, '2017-05-03 18:15:11', '2017-05-03 18:15:11', '2017-03-29 18:15:11', 43, '620.00'),
(996, '2017-05-03 18:15:30', '2017-05-03 18:15:30', '2017-03-26 18:15:30', 153, '2500.00'),
(997, '2017-05-03 18:15:59', '2017-05-03 18:15:59', '2017-04-01 18:15:59', 99, '50.00'),
(998, '2017-05-03 18:26:15', '2017-05-03 18:26:15', '2017-04-01 18:26:15', 225, '20.00'),
(999, '2017-05-03 18:36:07', '2017-05-03 18:36:07', '2017-04-16 18:36:07', 201, '330.00'),
(1000, '2017-05-03 18:37:41', '2017-05-03 18:37:41', '2017-04-16 18:37:41', 273, '330.00'),
(1001, '2017-05-03 18:39:03', '2017-05-03 18:39:03', '2017-04-16 18:39:03', 274, '200.00'),
(1002, '2017-05-03 18:39:25', '2017-05-03 18:39:25', '2017-04-16 18:39:25', 80, '160.00'),
(1003, '2017-05-03 18:40:41', '2017-05-03 18:40:41', '2017-04-16 18:40:41', 275, '115.00'),
(1004, '2017-05-03 18:41:18', '2017-05-03 18:41:18', '2017-04-16 18:41:18', 49, '100.00'),
(1005, '2017-05-03 18:41:52', '2017-05-03 18:41:52', '2017-04-16 18:41:52', 26, '250.00'),
(1006, '2017-05-03 18:42:20', '2017-05-03 18:42:20', '2017-04-16 18:42:20', 31, '100.00'),
(1007, '2017-05-03 18:42:43', '2017-05-03 18:42:43', '2017-04-16 18:42:43', 197, '600.00'),
(1008, '2017-05-03 18:43:07', '2017-05-03 18:43:07', '2017-04-16 18:43:07', 103, '100.00'),
(1009, '2017-05-03 18:43:35', '2017-05-03 18:43:35', '2017-04-16 18:43:35', 65, '48.00'),
(1010, '2017-05-03 18:44:06', '2017-05-03 18:44:06', '2017-04-16 18:44:06', 36, '20.00'),
(1011, '2017-05-03 18:45:59', '2017-05-03 18:45:59', '2017-04-16 18:45:59', 276, '500.00'),
(1012, '2017-05-03 18:46:26', '2017-05-03 18:46:26', '2017-04-16 18:46:26', 229, '110.00'),
(1013, '2017-05-03 18:46:55', '2017-05-03 18:46:55', '2017-04-16 18:46:55', 231, '110.00'),
(1014, '2017-05-03 18:47:20', '2017-05-03 18:47:20', '2017-04-16 18:47:20', 233, '110.00'),
(1015, '2017-05-03 18:48:09', '2017-05-03 18:48:09', '2017-04-16 18:48:09', 237, '110.00'),
(1016, '2017-05-03 18:49:01', '2017-05-03 18:49:01', '2017-04-16 18:49:01', 232, '110.00'),
(1017, '2017-05-03 18:50:32', '2017-05-03 18:50:32', '2017-04-16 18:50:32', 277, '10.00'),
(1018, '2017-05-03 18:50:57', '2017-05-03 18:50:57', '2017-04-16 18:50:57', 126, '226.00'),
(1019, '2017-05-03 18:51:26', '2017-05-03 18:51:26', '2017-04-16 18:51:26', 13, '240.00'),
(1020, '2017-05-03 18:52:02', '2017-05-03 18:52:02', '2017-04-16 18:52:02', 169, '2617.00'),
(1021, '2017-05-03 18:52:30', '2017-05-03 18:52:30', '2017-04-16 18:52:30', 27, '400.00'),
(1022, '2017-05-03 18:53:00', '2017-05-03 18:53:00', '2017-04-15 18:53:00', 65, '20.00'),
(1023, '2017-05-03 18:54:54', '2017-05-03 18:54:54', '2017-01-07 18:54:54', 10, '1500.00'),
(1024, '2017-05-03 18:55:24', '2017-05-03 18:55:24', '2017-04-05 18:55:24', 10, '200.00'),
(1025, '2017-05-03 18:55:53', '2017-05-03 18:55:53', '2016-12-29 18:55:53', 10, '800.00'),
(1026, '2017-05-03 18:57:07', '2017-05-03 18:57:07', '2017-04-01 18:57:07', 10, '150.00'),
(1027, '2017-05-03 19:09:09', '2017-05-03 19:09:09', '2017-04-30 19:09:09', 96, '10.00'),
(1028, '2017-05-03 19:09:36', '2017-05-03 19:09:36', '2017-04-29 19:09:36', 240, '20.00'),
(1029, '2017-05-03 19:10:59', '2017-05-03 19:10:59', '2017-04-29 19:10:59', 278, '10.00'),
(1030, '2017-05-03 19:11:22', '2017-05-03 19:11:22', '2017-04-29 19:11:22', 142, '10.00'),
(1031, '2017-05-03 19:12:07', '2017-05-03 19:12:07', '2017-04-23 19:12:07', 19, '10000.00'),
(1032, '2017-05-03 19:12:53', '2017-05-03 19:12:53', '2017-04-23 19:12:53', 218, '60.00'),
(1033, '2017-05-03 19:13:24', '2017-05-03 19:13:24', '2017-04-23 19:13:24', 85, '500.00'),
(1034, '2017-05-03 19:14:04', '2017-05-03 19:14:04', '2017-04-23 19:14:04', 26, '250.00'),
(1035, '2017-05-03 19:14:50', '2017-05-03 19:14:50', '2017-04-23 19:14:50', 103, '100.00'),
(1036, '2017-05-03 19:15:29', '2017-05-03 19:15:29', '2017-04-23 19:15:29', 110, '150.00'),
(1037, '2017-05-03 19:16:38', '2017-05-03 19:16:38', '2017-04-23 19:16:38', 44, '360.00'),
(1038, '2017-05-03 19:17:08', '2017-05-03 19:17:08', '2017-04-22 19:17:08', 226, '200.00'),
(1039, '2017-05-03 19:18:18', '2017-05-03 19:18:18', '2017-04-23 19:18:18', 14, '100.00'),
(1040, '2017-05-17 15:52:46', '2017-05-17 15:52:46', '2017-05-10 15:52:46', 149, '120.00'),
(1041, '2017-05-17 15:55:58', '2017-05-17 15:55:58', '2017-05-03 15:55:58', 153, '1700.00'),
(1042, '2017-05-17 15:59:25', '2017-05-17 15:59:25', '2017-05-03 15:59:25', 165, '20.00'),
(1043, '2017-05-17 16:02:04', '2017-05-17 16:02:04', '2017-05-03 16:02:04', 14, '100.00'),
(1044, '2017-05-17 16:06:17', '2017-05-17 16:06:17', '2017-01-03 16:06:17', 85, '400.00'),
(1045, '2017-05-17 16:10:08', '2017-05-17 16:10:08', '2017-05-04 16:10:08', 255, '300.00'),
(1046, '2017-05-17 16:36:19', '2017-05-17 16:36:19', '2017-05-10 16:36:19', 18, '950.00'),
(1047, '2017-05-17 16:38:38', '2017-05-17 16:38:38', '2017-05-10 16:38:38', 7, '3000.00'),
(1048, '2017-05-17 16:41:39', '2017-05-17 16:41:39', '2017-05-10 16:41:39', 167, '300.00'),
(1049, '2017-05-17 16:45:38', '2017-05-17 16:45:38', '2017-05-08 16:45:38', 36, '50.00'),
(1050, '2017-05-17 16:52:47', '2017-05-17 16:52:47', '2017-05-03 16:52:47', 137, '200.00'),
(1051, '2017-05-17 17:15:21', '2017-05-17 17:15:21', '2017-05-03 17:15:21', 178, '150.00'),
(1052, '2017-05-17 19:59:25', '2017-05-17 19:59:25', '2017-05-06 19:59:25', 71, '30.00'),
(1053, '2017-05-17 20:01:55', '2017-05-17 20:01:55', '2017-05-05 20:01:55', 197, '600.00'),
(1054, '2017-05-17 20:04:30', '2017-05-17 20:04:30', '2017-05-14 20:04:30', 116, '400.00'),
(1055, '2017-05-17 20:30:46', '2017-05-17 20:30:46', '2017-05-17 20:30:46', 8, '320.00'),
(1056, '2017-05-17 20:34:39', '2017-05-17 20:34:39', '2017-05-06 20:34:39', 238, '825.00'),
(1057, '2017-05-17 20:37:15', '2017-05-17 20:37:15', '2017-05-15 20:37:15', 31, '200.00'),
(1058, '2017-05-17 20:39:47', '2017-05-17 20:39:47', '2017-05-14 20:39:47', 15, '1770.00'),
(1059, '2017-05-17 20:45:07', '2017-05-17 20:45:07', '2017-05-14 20:45:07', 80, '170.00'),
(1060, '2017-05-17 20:59:41', '2017-05-17 20:59:41', '2017-05-15 20:59:41', 103, '200.00'),
(1061, '2017-05-17 21:21:39', '2017-05-17 21:21:39', '2017-05-14 21:21:39', 218, '50.00'),
(1062, '2017-05-17 21:25:14', '2017-05-17 21:25:14', '2017-05-08 21:25:14', 23, '20.00'),
(1063, '2017-05-17 21:33:56', '2017-05-17 21:33:56', '2017-05-08 21:33:56', 153, '1430.00'),
(1064, '2017-05-17 21:38:19', '2017-05-17 21:38:19', '2017-05-08 21:38:19', 139, '1400.00'),
(1065, '2017-05-17 21:40:31', '2017-05-17 21:40:31', '2017-05-08 21:40:31', 106, '150.00'),
(1066, '2017-05-17 21:44:26', '2017-05-17 21:44:26', '2017-05-06 21:44:26', 218, '50.00'),
(1067, '2017-05-17 21:47:57', '2017-05-17 21:47:57', '2017-05-08 21:47:57', 164, '550.00'),
(1068, '2017-05-17 21:53:06', '2017-05-17 21:53:06', '2017-05-14 21:53:06', 224, '125.00'),
(1069, '2017-05-17 21:55:32', '2017-05-17 21:55:32', '2017-05-14 21:55:32', 60, '125.00'),
(1070, '2017-05-17 22:03:38', '2017-05-17 22:03:38', '2017-05-14 22:03:38', 19, '420.00'),
(1071, '2017-05-17 22:15:59', '2017-05-17 22:15:59', '2017-05-14 22:15:59', 169, '2050.00'),
(1072, '2017-05-17 22:20:48', '2017-05-17 22:20:48', '2017-05-06 22:20:48', 123, '100.00'),
(1073, '2017-05-17 22:25:10', '2017-05-17 22:25:10', '2017-05-07 22:25:10', 264, '500.00'),
(1074, '2017-05-17 22:27:38', '2017-05-17 22:27:38', '2017-05-06 22:27:38', 24, '500.00'),
(1075, '2017-05-17 22:30:28', '2017-05-17 22:30:28', '2017-05-06 22:30:28', 32, '250.00'),
(1077, '2017-05-18 15:32:30', '2017-05-18 15:32:30', '2017-04-29 15:32:30', 140, '400.00'),
(1078, '2017-05-18 15:34:25', '2017-05-18 15:34:25', '2017-05-06 15:34:25', 127, '600.00'),
(1079, '2017-05-18 15:35:06', '2017-05-18 15:35:06', '2017-05-06 15:35:06', 71, '420.00'),
(1080, '2017-05-18 15:36:12', '2017-05-18 15:36:12', '2017-05-07 15:36:12', 140, '400.00'),
(1081, '2017-05-18 15:36:48', '2017-05-18 15:36:48', '2017-05-07 15:36:48', 136, '30.00'),
(1082, '2017-05-18 15:37:23', '2017-05-18 15:37:23', '2017-05-06 15:37:23', 46, '200.00'),
(1083, '2017-05-18 16:22:10', '2017-05-18 16:22:10', '2017-05-07 16:22:10', 226, '200.00'),
(1084, '2017-05-18 16:23:00', '2017-05-18 16:23:00', '2017-05-07 16:23:00', 68, '1000.00'),
(1085, '2017-05-18 16:24:01', '2017-05-18 16:24:01', '2017-05-06 16:24:01', 19, '900.00'),
(1086, '2017-05-18 16:24:31', '2017-05-18 16:24:31', '2017-05-06 16:24:31', 236, '50.00'),
(1087, '2017-05-18 16:26:17', '2017-05-18 16:26:17', '2017-05-06 16:26:17', 230, '20.00'),
(1088, '2017-05-18 16:34:49', '2017-05-18 16:34:49', '2017-05-06 16:34:49', 281, '100.00'),
(1089, '2017-05-18 16:53:37', '2017-05-18 16:53:37', '2017-05-06 16:53:37', 50, '300.00'),
(1090, '2017-05-18 16:54:08', '2017-05-18 16:54:08', '2017-05-06 16:54:08', 151, '50.00'),
(1091, '2017-05-18 16:54:46', '2017-05-18 16:54:46', '2017-05-06 16:54:46', 156, '550.00'),
(1092, '2017-05-18 16:55:09', '2017-05-18 16:55:09', '2017-05-06 16:55:09', 159, '50.00'),
(1093, '2017-05-18 16:55:53', '2017-05-18 16:55:53', '2017-05-06 16:55:53', 35, '700.00'),
(1094, '2017-05-18 16:56:37', '2017-05-18 16:56:37', '2017-05-06 16:56:37', 175, '100.00'),
(1095, '2017-05-18 16:57:31', '2017-05-18 16:57:31', '2017-05-06 16:57:31', 234, '200.00'),
(1096, '2017-05-18 16:58:40', '2017-05-18 16:58:40', '2017-05-06 16:58:40', 178, '95.00'),
(1097, '2017-05-18 17:01:47', '2017-05-18 17:01:47', '2017-05-06 17:01:47', 282, '100.00'),
(1098, '2017-05-18 17:09:57', '2017-05-18 17:09:57', '2017-05-06 17:09:57', 82, '935.00'),
(1099, '2017-05-18 17:11:10', '2017-05-18 17:11:10', '2017-05-06 17:11:10', 79, '350.00'),
(1100, '2017-05-18 17:13:13', '2017-05-18 17:13:13', '2017-05-06 17:13:13', 283, '50.00'),
(1101, '2017-05-18 17:24:50', '2017-05-18 17:24:50', '2017-05-06 17:24:50', 80, '120.00'),
(1102, '2017-05-18 17:26:18', '2017-05-18 17:26:18', '2017-05-06 17:26:18', 41, '110.00'),
(1103, '2017-05-18 17:40:44', '2017-05-18 17:40:44', '2017-05-06 17:40:44', 248, '10.00'),
(1104, '2017-05-18 17:41:13', '2017-05-18 17:41:13', '2017-05-06 17:41:13', 144, '15.00'),
(1105, '2017-05-18 17:41:48', '2017-05-18 17:41:48', '2017-05-06 17:41:48', 278, '10.00'),
(1106, '2017-05-18 17:42:43', '2017-05-18 17:42:43', '2017-05-07 17:42:43', 95, '400.00'),
(1107, '2017-05-18 17:43:28', '2017-05-18 17:43:28', '2017-05-07 17:43:28', 87, '20.00'),
(1108, '2017-05-18 17:43:51', '2017-05-18 17:43:51', '2017-05-07 17:43:51', 99, '50.00'),
(1109, '2017-05-18 17:47:49', '2017-05-18 17:47:49', '2017-05-07 17:47:49', 77, '130.00'),
(1110, '2017-05-18 17:48:18', '2017-05-18 17:48:18', '2017-05-07 17:48:18', 26, '250.00'),
(1111, '2017-05-18 17:48:44', '2017-05-18 17:48:44', '2017-05-07 17:48:44', 47, '500.00'),
(1112, '2017-05-18 17:50:13', '2017-05-18 17:50:13', '2017-05-07 17:50:13', 259, '200.00'),
(1113, '2017-05-18 17:51:17', '2017-05-18 17:51:17', '2017-05-04 17:51:17', 29, '250.00'),
(1114, '2017-05-18 17:52:13', '2017-05-18 17:52:13', '2017-05-06 17:52:13', 164, '700.00'),
(1115, '2017-05-18 17:52:46', '2017-05-18 17:52:46', '2017-05-07 17:52:46', 263, '750.00'),
(1116, '2017-05-18 17:53:33', '2017-05-18 17:53:33', '2017-05-13 17:53:33', 84, '300.00'),
(1117, '2017-05-18 17:53:57', '2017-05-18 17:53:57', '2017-05-13 17:53:57', 83, '300.00'),
(1118, '2017-05-18 17:54:36', '2017-05-18 17:54:36', '2017-05-13 17:54:36', 65, '200.00'),
(1119, '2017-05-18 17:55:22', '2017-05-18 17:55:22', '2017-05-13 17:55:22', 29, '390.00'),
(1120, '2017-05-18 17:55:46', '2017-05-18 17:55:46', '2017-05-13 17:55:46', 127, '730.00'),
(1121, '2017-05-18 17:56:15', '2017-05-18 17:56:15', '2017-05-13 17:56:15', 73, '2050.00'),
(1122, '2017-05-18 17:57:02', '2017-05-18 17:57:02', '2017-05-13 17:57:02', 157, '300.00'),
(1123, '2017-05-18 17:57:33', '2017-05-18 17:57:33', '2017-05-13 17:57:33', 184, '600.00'),
(1124, '2017-05-18 17:58:37', '2017-05-18 17:58:37', '2017-05-13 17:58:37', 19, '200.00'),
(1125, '2017-05-18 17:59:25', '2017-05-18 17:59:25', '2017-05-13 17:59:25', 163, '200.00'),
(1126, '2017-05-18 17:59:47', '2017-05-18 17:59:47', '2017-05-13 17:59:47', 34, '200.00'),
(1127, '2017-05-18 18:00:43', '2017-05-18 18:00:43', '2017-05-13 18:00:43', 85, '100.00'),
(1128, '2017-05-18 18:01:16', '2017-05-18 18:01:16', '2017-05-13 18:01:16', 91, '60.00'),
(1129, '2017-05-18 18:03:28', '2017-05-18 18:03:28', '2017-05-13 18:03:28', 13, '220.00'),
(1130, '2017-05-18 18:04:00', '2017-05-18 18:04:00', '2017-05-13 18:04:00', 239, '600.00'),
(1131, '2017-05-18 18:04:37', '2017-05-18 18:04:37', '2017-05-13 18:04:37', 32, '300.00'),
(1132, '2017-05-18 18:06:06', '2017-05-18 18:06:06', '2017-05-13 18:06:06', 179, '80.00'),
(1133, '2017-05-18 18:07:03', '2017-05-18 18:07:03', '2017-05-13 18:07:03', 70, '100.00'),
(1134, '2017-05-18 18:07:25', '2017-05-18 18:07:25', '2017-05-14 18:07:25', 95, '200.00'),
(1135, '2017-05-18 18:08:09', '2017-05-18 18:08:09', '2017-05-14 18:08:09', 256, '250.00'),
(1136, '2017-05-18 18:09:09', '2017-05-18 18:09:09', '2017-05-14 18:09:09', 264, '185.00'),
(1137, '2017-05-18 18:09:37', '2017-05-18 18:09:37', '2017-05-14 18:09:37', 90, '10.00'),
(1138, '2017-05-18 18:09:58', '2017-05-18 18:09:58', '2017-05-14 18:09:58', 45, '200.00');
INSERT INTO `diezmos` (`id`, `created_at`, `updated_at`, `fecha`, `persona_id`, `importe`) VALUES
(1139, '2017-05-18 18:10:38', '2017-05-18 18:10:38', '2017-05-12 18:10:38', 58, '400.00'),
(1140, '2017-05-18 18:11:55', '2017-05-18 18:11:55', '2017-05-13 18:11:55', 124, '20.00'),
(1141, '2017-05-18 18:14:03', '2017-05-18 18:14:03', '2017-05-13 18:14:03', 81, '30.00'),
(1142, '2017-05-18 18:14:33', '2017-05-18 18:14:33', '2017-05-13 18:14:33', 150, '10.00'),
(1143, '2017-05-18 18:15:19', '2017-05-18 18:15:19', '2017-05-13 18:15:19', 142, '10.00'),
(1144, '2017-05-18 18:16:05', '2017-05-18 18:16:05', '2017-05-14 18:16:05', 178, '250.00'),
(1145, '2017-05-18 18:16:35', '2017-05-18 18:16:35', '2017-05-14 18:16:35', 107, '200.00'),
(1146, '2017-05-18 18:17:37', '2017-05-18 18:17:37', '2017-05-14 18:17:37', 282, '20.00'),
(1147, '2017-05-18 18:19:45', '2017-05-18 18:19:45', '2017-04-23 18:19:45', 279, '150.00'),
(1148, '2017-05-22 14:53:51', '2017-05-22 14:53:51', '2017-05-06 14:53:51', 289, '10.00'),
(1149, '2017-05-22 14:54:37', '2017-05-22 14:54:37', '2017-05-06 14:54:37', 288, '200.00'),
(1150, '2017-05-22 14:55:01', '2017-05-22 14:55:01', '2017-05-07 14:55:01', 288, '300.00'),
(1151, '2017-05-22 14:55:27', '2017-05-22 14:55:27', '2017-05-07 14:55:27', 287, '100.00'),
(1152, '2017-05-22 14:56:05', '2017-05-22 14:56:05', '2017-05-14 14:56:05', 287, '250.00'),
(1153, '2017-05-22 14:57:21', '2017-05-22 14:57:21', '2017-05-03 14:57:21', 286, '400.00'),
(1154, '2017-05-22 14:57:45', '2017-05-22 14:57:45', '2017-05-08 14:57:45', 285, '500.00'),
(1155, '2017-05-22 15:01:00', '2017-05-22 15:01:00', '2017-04-23 15:01:00', 284, '100.00'),
(1156, '2017-05-22 15:02:05', '2017-05-22 15:02:05', '2017-01-10 15:02:05', 141, '1000.00'),
(1157, '2017-05-22 15:02:31', '2017-05-22 15:02:31', '2017-02-10 15:02:31', 141, '1000.00'),
(1158, '2017-05-22 15:03:28', '2017-05-22 15:03:28', '2017-03-10 15:03:28', 141, '1000.00'),
(1159, '2017-05-22 15:03:49', '2017-05-22 15:03:49', '2017-04-10 15:03:49', 141, '1000.00'),
(1160, '2017-05-22 15:34:16', '2017-05-22 15:34:16', '2017-04-15 15:34:16', 290, '300.00'),
(1161, '2017-05-22 15:39:49', '2017-05-22 15:39:49', '2017-05-15 15:39:49', 291, '800.00'),
(1162, '2017-05-22 15:42:05', '2017-05-22 15:42:05', '2017-04-22 15:42:05', 291, '900.00'),
(1163, '2017-05-22 15:43:20', '2017-05-22 15:43:20', '2017-05-06 15:43:20', 290, '700.00'),
(1164, '2017-05-22 15:50:56', '2017-05-22 15:50:56', '2017-05-06 15:50:56', 298, '150.00'),
(1165, '2017-05-22 15:51:39', '2017-05-22 15:51:39', '2017-05-06 15:51:39', 299, '20.00'),
(1166, '2017-05-22 15:52:03', '2017-05-22 15:52:03', '2017-05-06 15:52:03', 297, '30.00'),
(1167, '2017-05-22 15:52:25', '2017-05-22 15:52:25', '2017-05-05 15:52:25', 296, '60.00'),
(1168, '2017-05-22 15:52:43', '2017-05-22 15:52:43', '2017-05-06 15:52:43', 295, '10.00'),
(1169, '2017-05-22 15:53:20', '2017-05-22 15:53:20', '2017-05-06 15:53:20', 294, '10.00'),
(1170, '2017-05-22 15:53:47', '2017-05-22 15:53:47', '2017-05-06 15:53:47', 293, '100.00'),
(1171, '2017-05-22 15:54:22', '2017-05-22 15:54:22', '2017-03-12 15:54:22', 292, '4000.00'),
(1172, '2017-05-22 15:55:13', '2017-05-22 15:55:13', '2017-05-06 15:55:13', 300, '50.00'),
(1173, '2017-05-22 16:04:01', '2017-05-22 16:04:01', '2017-05-19 16:04:01', 164, '3000.00'),
(1174, '2017-05-22 16:04:35', '2017-05-22 16:04:35', '2017-05-19 16:04:35', 32, '1000.00'),
(1175, '2017-05-22 16:05:03', '2017-05-22 16:05:03', '2017-05-19 16:05:03', 145, '500.00'),
(1176, '2017-05-22 16:05:38', '2017-05-22 16:05:38', '2017-05-19 16:05:38', 108, '2050.00'),
(1177, '2017-05-22 16:06:19', '2017-05-22 16:06:19', '2017-05-19 16:06:19', 252, '50.00'),
(1178, '2017-05-22 16:06:53', '2017-05-22 16:06:53', '2017-04-22 16:06:53', 52, '300.00'),
(1179, '2017-05-22 16:07:19', '2017-05-22 16:07:19', '2017-04-29 16:07:19', 80, '40.00'),
(1180, '2017-05-22 16:07:45', '2017-05-22 16:07:45', '2017-04-29 16:07:45', 178, '144.00'),
(1181, '2017-05-22 16:08:17', '2017-05-22 16:08:17', '2017-04-29 16:08:17', 218, '50.00'),
(1182, '2017-05-22 16:08:47', '2017-05-22 16:08:47', '2017-04-30 16:08:47', 221, '100.00'),
(1183, '2017-05-22 16:09:23', '2017-05-22 16:09:23', '2017-04-30 16:09:23', 29, '380.00'),
(1184, '2017-05-22 16:09:58', '2017-05-22 16:09:58', '2017-04-30 16:09:58', 11, '200.00'),
(1185, '2017-05-22 16:10:23', '2017-05-22 16:10:23', '2017-05-01 16:10:23', 51, '400.00'),
(1186, '2017-05-22 16:10:46', '2017-05-22 16:10:46', '2017-04-30 16:10:46', 26, '250.00'),
(1187, '2017-05-22 16:11:26', '2017-05-22 16:11:26', '2017-04-30 16:11:26', 13, '234.00'),
(1188, '2017-05-22 16:11:52', '2017-05-22 16:11:52', '2017-04-30 16:11:52', 103, '100.00'),
(1189, '2017-05-22 16:12:19', '2017-05-22 16:12:19', '2017-04-30 16:12:19', 275, '50.00'),
(1190, '2017-05-22 16:14:09', '2017-05-22 16:14:09', '2017-04-23 16:14:09', 301, '385.00'),
(1191, '2017-05-22 16:14:38', '2017-05-22 16:14:38', '2017-04-30 16:14:38', 218, '50.00'),
(1192, '2017-05-22 16:15:58', '2017-05-22 16:15:58', '2017-04-30 16:15:58', 92, '400.00'),
(1193, '2017-05-22 16:18:11', '2017-05-22 16:18:11', '2017-04-30 16:18:11', 302, '50.00'),
(1194, '2017-05-22 16:19:15', '2017-05-22 16:19:15', '2017-04-29 16:19:15', 80, '51.00'),
(1195, '2017-05-22 16:21:36', '2017-05-22 16:21:36', '2017-04-30 16:21:36', 303, '1500.00'),
(1196, '2017-05-22 16:22:13', '2017-05-22 16:22:13', '2017-04-30 16:22:13', 90, '10.00'),
(1197, '2017-05-22 16:22:42', '2017-05-22 16:22:42', '2017-04-30 16:22:42', 46, '500.00'),
(1198, '2017-05-22 16:23:10', '2017-05-22 16:23:10', '2017-04-30 16:23:10', 263, '220.00'),
(1199, '2017-05-22 16:23:44', '2017-05-22 16:23:44', '2017-04-30 16:23:44', 256, '250.00'),
(1200, '2017-05-22 16:24:17', '2017-05-22 16:24:17', '2017-04-29 16:24:17', 77, '100.00'),
(1201, '2017-05-22 16:24:42', '2017-05-22 16:24:42', '2017-04-29 16:24:42', 32, '200.00'),
(1202, '2017-05-22 16:25:39', '2017-05-22 16:25:39', '2017-04-29 16:25:39', 133, '150.00'),
(1203, '2017-05-22 16:26:12', '2017-05-22 16:26:12', '2017-04-29 16:26:12', 10, '1100.00'),
(1204, '2017-05-22 16:26:35', '2017-05-22 16:26:35', '2017-04-29 16:26:35', 20, '1000.00'),
(1205, '2017-05-22 16:26:55', '2017-05-22 16:26:55', '2017-04-29 16:26:55', 11, '50.00'),
(1206, '2017-05-22 16:27:17', '2017-05-22 16:27:17', '2017-04-29 16:27:17', 61, '200.00'),
(1207, '2017-05-22 16:27:40', '2017-05-22 16:27:40', '2017-04-29 16:27:40', 71, '270.00'),
(1208, '2017-05-22 16:28:15', '2017-05-22 16:28:15', '2017-04-29 16:28:15', 70, '100.00'),
(1209, '2017-05-22 16:31:17', '2017-05-22 16:31:17', '2017-04-29 16:31:17', 305, '50.00'),
(1210, '2017-05-22 16:31:40', '2017-05-22 16:31:40', '2017-04-29 16:31:40', 304, '10.00'),
(1211, '2017-05-22 16:31:58', '2017-05-22 16:31:58', '2017-04-29 16:31:58', 149, '50.00'),
(1212, '2017-05-22 16:32:26', '2017-05-22 16:32:26', '2017-04-29 16:32:26', 150, '15.00'),
(1213, '2017-05-22 16:33:00', '2017-05-22 16:33:00', '2017-04-29 16:33:00', 83, '25.00'),
(1214, '2017-05-22 16:33:21', '2017-05-22 16:33:21', '2017-04-29 16:33:21', 84, '25.00'),
(1215, '2017-05-22 16:34:39', '2017-05-22 16:34:39', '2017-05-17 16:34:39', 178, '42.00'),
(1216, '2017-05-22 16:35:17', '2017-05-22 16:35:17', '2017-05-17 16:35:17', 148, '400.00'),
(1217, '2017-05-22 16:35:42', '2017-05-22 16:35:42', '2017-05-17 16:35:42', 85, '200.00'),
(1218, '2017-05-22 16:36:08', '2017-05-22 16:36:08', '2017-05-17 16:36:08', 113, '500.00'),
(1219, '2017-05-22 16:36:36', '2017-05-22 16:36:36', '2017-05-17 16:36:36', 256, '250.00'),
(1220, '2017-05-22 16:36:56', '2017-05-22 16:36:56', '2017-05-17 16:36:56', 20, '500.00'),
(1221, '2017-05-22 16:37:14', '2017-05-22 16:37:14', '2017-05-17 16:37:14', 36, '100.00'),
(1222, '2017-05-22 16:38:05', '2017-05-22 16:38:05', '2017-05-17 16:38:05', 43, '400.00'),
(1223, '2017-05-22 16:38:37', '2017-05-22 16:38:37', '2017-05-17 16:38:37', 110, '200.00'),
(1224, '2017-05-22 16:38:58', '2017-05-22 16:38:58', '2017-05-17 16:38:58', 95, '200.00'),
(1225, '2017-05-22 16:40:37', '2017-05-22 16:40:37', '2017-04-29 16:40:37', 306, '10.00'),
(1226, '2017-05-22 16:41:56', '2017-05-22 16:41:56', '2017-04-22 16:41:56', 259, '100.00'),
(1227, '2017-05-22 16:43:03', '2017-05-22 16:43:03', '2017-04-22 16:43:03', 307, '360.00'),
(1228, '2017-05-22 16:43:24', '2017-05-22 16:43:24', '2017-04-22 16:43:24', 132, '850.00'),
(1229, '2017-05-22 16:43:46', '2017-05-22 16:43:46', '2017-04-21 16:43:45', 11, '50.00'),
(1230, '2017-05-22 16:44:14', '2017-05-22 16:44:14', '2017-04-22 16:44:14', 32, '200.00'),
(1231, '2017-05-22 16:44:58', '2017-05-22 16:44:58', '2017-04-21 16:44:58', 154, '512.00'),
(1232, '2017-05-22 16:45:18', '2017-05-22 16:45:18', '2017-04-22 16:45:18', 196, '400.00'),
(1233, '2017-05-22 16:45:46', '2017-05-22 16:45:46', '2017-04-22 16:45:46', 152, '50.00'),
(1234, '2017-05-22 16:46:04', '2017-05-22 16:46:04', '2017-04-22 16:46:04', 46, '300.00'),
(1235, '2017-05-22 16:46:29', '2017-05-22 16:46:29', '2017-04-22 16:46:29', 159, '100.00'),
(1236, '2017-05-22 16:46:56', '2017-05-22 16:46:56', '2017-04-22 16:46:56', 54, '100.00'),
(1237, '2017-05-22 16:47:19', '2017-05-22 16:47:19', '2017-04-22 16:47:19', 70, '100.00'),
(1238, '2017-05-22 16:47:50', '2017-05-22 16:47:50', '2017-04-22 16:47:50', 34, '300.00'),
(1239, '2017-05-22 16:48:39', '2017-05-22 16:48:39', '2017-04-27 16:48:39', 79, '100.00'),
(1240, '2017-05-22 16:49:31', '2017-05-22 16:49:31', '2017-04-22 16:49:31', 133, '150.00'),
(1241, '2017-05-22 16:50:07', '2017-05-22 16:50:07', '2017-04-22 16:50:07', 39, '1000.00'),
(1242, '2017-05-22 16:50:45', '2017-05-22 16:50:45', '2017-04-22 16:50:45', 158, '600.00'),
(1243, '2017-05-22 16:51:22', '2017-05-22 16:51:22', '2017-04-21 16:51:22', 109, '512.00'),
(1244, '2017-05-22 16:51:51', '2017-05-22 16:51:51', '2017-04-22 16:51:51', 127, '225.00'),
(1245, '2017-05-22 16:52:17', '2017-05-22 16:52:17', '2017-04-22 16:52:17', 19, '800.00'),
(1246, '2017-05-22 16:52:51', '2017-05-22 16:52:51', '2017-04-22 16:52:51', 91, '60.00'),
(1247, '2017-05-22 16:53:53', '2017-05-22 16:53:53', '2017-04-22 16:53:53', 207, '100.00'),
(1248, '2017-05-22 16:54:25', '2017-05-22 16:54:25', '2017-04-22 16:54:25', 88, '1150.00'),
(1249, '2017-05-22 16:55:43', '2017-05-22 16:55:43', '2017-04-22 16:55:43', 14, '100.00'),
(1250, '2017-05-22 16:56:15', '2017-05-22 16:56:15', '2017-04-22 16:56:15', 36, '100.00'),
(1251, '2017-05-22 16:56:45', '2017-05-22 16:56:45', '2017-03-21 16:56:45', 71, '250.00'),
(1252, '2017-05-22 16:57:17', '2017-05-22 16:57:17', '2017-04-22 16:57:17', 298, '100.00'),
(1253, '2017-05-22 16:57:39', '2017-05-22 16:57:39', '2017-04-22 16:57:39', 35, '500.00'),
(1254, '2017-05-22 16:58:15', '2017-05-22 16:58:15', '2017-04-27 16:58:15', 164, '700.00'),
(1255, '2017-05-22 16:58:49', '2017-05-22 16:58:49', '2017-04-22 16:58:49', 213, '100.00'),
(1256, '2017-05-22 16:59:12', '2017-05-22 16:59:12', '2017-04-22 16:59:12', 212, '100.00'),
(1257, '2017-05-22 16:59:55', '2017-05-22 16:59:55', '2017-04-22 16:59:55', 130, '90.00'),
(1258, '2017-05-22 17:00:24', '2017-05-22 17:00:24', '2017-04-22 17:00:24', 41, '130.00'),
(1259, '2017-05-22 17:01:12', '2017-05-22 17:01:12', '2017-04-22 17:01:12', 80, '750.00'),
(1260, '2017-05-22 17:01:49', '2017-05-22 17:01:49', '2017-04-22 17:01:49', 61, '200.00'),
(1261, '2017-05-22 17:03:12', '2017-05-22 17:03:12', '2017-05-20 17:03:12', 79, '100.00'),
(1262, '2017-05-22 17:04:48', '2017-05-22 17:04:48', '2017-05-20 17:04:48', 158, '700.00'),
(1263, '2017-05-22 17:05:52', '2017-05-22 17:05:52', '2017-05-20 17:05:52', 34, '200.00'),
(1264, '2017-05-22 17:06:30', '2017-05-22 17:06:30', '2017-05-20 17:06:30', 178, '100.00'),
(1265, '2017-05-22 17:06:54', '2017-05-22 17:06:54', '2017-05-20 17:06:54', 32, '200.00'),
(1266, '2017-05-22 17:07:16', '2017-05-22 17:07:16', '2017-05-20 17:07:16', 7, '80.00'),
(1267, '2017-05-22 17:08:34', '2017-05-22 17:08:34', '2017-05-13 17:08:34', 238, '580.00'),
(1268, '2017-05-22 17:09:07', '2017-05-22 17:09:07', '2017-05-19 17:09:07', 238, '973.00'),
(1269, '2017-05-22 17:10:03', '2017-05-22 17:10:03', '2017-05-20 17:10:03', 283, '100.00'),
(1270, '2017-05-22 17:10:38', '2017-05-22 17:10:38', '2017-05-20 17:10:38', 151, '100.00'),
(1271, '2017-05-22 17:11:32', '2017-05-22 17:11:32', '2017-05-20 17:11:32', 61, '200.00'),
(1272, '2017-05-22 17:12:01', '2017-05-22 17:12:01', '2017-05-20 17:12:01', 149, '50.00'),
(1273, '2017-05-22 17:12:26', '2017-05-22 17:12:26', '2017-05-20 17:12:26', 105, '100.00'),
(1274, '2017-05-22 17:14:23', '2017-05-22 17:14:23', '2017-05-20 17:14:23', 10, '300.00'),
(1275, '2017-05-22 17:17:02', '2017-05-22 17:17:02', '2017-05-20 17:17:02', 46, '300.00'),
(1276, '2017-05-22 17:18:32', '2017-05-22 17:18:32', '2017-05-20 17:18:32', 48, '140.00'),
(1277, '2017-05-22 17:19:06', '2017-05-22 17:19:06', '2017-05-20 17:19:06', 29, '350.00'),
(1278, '2017-05-22 17:19:45', '2017-05-22 17:19:45', '2017-05-20 17:19:45', 38, '300.00'),
(1279, '2017-05-22 17:23:21', '2017-05-22 17:23:21', '2017-05-20 17:23:21', 311, '10.00'),
(1280, '2017-05-22 17:23:56', '2017-05-22 17:23:56', '2017-05-20 17:23:56', 310, '300.00'),
(1281, '2017-05-22 17:24:21', '2017-05-22 17:24:21', '2017-05-20 17:24:21', 309, '100.00'),
(1282, '2017-05-22 17:24:50', '2017-05-22 17:24:50', '2017-05-20 17:24:50', 308, '1225.00'),
(1283, '2017-05-23 17:36:54', '2017-05-23 17:36:54', '2017-05-22 17:36:54', 11, '100.00'),
(1284, '2017-05-23 17:37:14', '2017-05-23 17:37:14', '2017-05-23 17:37:14', 11, '100.00');

-- --------------------------------------------------------

--
-- Estructura de tabla para la tabla `edadcategorias`
--

CREATE TABLE `edadcategorias` (
  `id` int(10) UNSIGNED NOT NULL,
  `created_at` timestamp NULL DEFAULT NULL,
  `updated_at` timestamp NULL DEFAULT NULL,
  `descripcion` varchar(255) COLLATE utf8_unicode_ci NOT NULL,
  `desde` int(11) NOT NULL,
  `hasta` int(11) DEFAULT NULL
) ENGINE=InnoDB DEFAULT CHARSET=utf8 COLLATE=utf8_unicode_ci;

--
-- Volcado de datos para la tabla `edadcategorias`
--

INSERT INTO `edadcategorias` (`id`, `created_at`, `updated_at`, `descripcion`, `desde`, `hasta`) VALUES
(1, '2016-11-20 22:23:48', '2016-11-20 22:23:48', 'Niños', 0, 12),
(2, '2016-11-20 22:24:00', '2016-11-20 22:24:00', 'Adolescentes', 13, 18),
(3, '2016-11-20 22:24:20', '2016-11-20 22:24:20', 'Adultos', 19, 50),
(4, '2016-11-20 22:24:36', '2016-11-20 22:24:36', 'Adultos Mayores', 51, 120);

-- --------------------------------------------------------

--
-- Estructura de tabla para la tabla `idiomas`
--

CREATE TABLE `idiomas` (
  `id` int(10) UNSIGNED NOT NULL,
  `created_at` timestamp NULL DEFAULT NULL,
  `updated_at` timestamp NULL DEFAULT NULL,
  `descripcion` varchar(255) COLLATE utf8_unicode_ci NOT NULL
) ENGINE=InnoDB DEFAULT CHARSET=utf8 COLLATE=utf8_unicode_ci;

--
-- Volcado de datos para la tabla `idiomas`
--

INSERT INTO `idiomas` (`id`, `created_at`, `updated_at`, `descripcion`) VALUES
(2, '2016-11-19 20:00:09', '2016-11-19 20:00:09', 'Español'),
(3, '2016-11-19 20:00:14', '2016-11-19 20:00:14', 'Guaraní');

-- --------------------------------------------------------

--
-- Estructura de tabla para la tabla `iglesias`
--

CREATE TABLE `iglesias` (
  `id` int(10) UNSIGNED NOT NULL,
  `created_at` timestamp NULL DEFAULT NULL,
  `updated_at` timestamp NULL DEFAULT NULL,
  `nombre` varchar(255) COLLATE utf8_unicode_ci NOT NULL,
  `direccion` varchar(255) COLLATE utf8_unicode_ci DEFAULT NULL,
  `location` varchar(255) COLLATE utf8_unicode_ci DEFAULT NULL,
  `telefono1` varchar(255) COLLATE utf8_unicode_ci DEFAULT NULL,
  `telefono2` varchar(255) COLLATE utf8_unicode_ci DEFAULT NULL,
  `telefono3` varchar(255) COLLATE utf8_unicode_ci DEFAULT NULL,
  `email` varchar(255) COLLATE utf8_unicode_ci DEFAULT NULL,
  `logo` varchar(255) COLLATE utf8_unicode_ci DEFAULT NULL,
  `pastor_id` int(10) UNSIGNED DEFAULT NULL
) ENGINE=InnoDB DEFAULT CHARSET=utf8 COLLATE=utf8_unicode_ci;

--
-- Volcado de datos para la tabla `iglesias`
--

INSERT INTO `iglesias` (`id`, `created_at`, `updated_at`, `nombre`, `direccion`, `location`, `telefono1`, `telefono2`, `telefono3`, `email`, `logo`, `pastor_id`) VALUES
(1, '2016-12-18 17:56:02', '2016-12-18 17:56:02', 'ICIA La Plata', '', NULL, '', '', '', '', NULL, NULL),
(2, '2017-01-07 16:06:19', '2017-01-07 16:06:19', 'ICIP Paraguay', '', NULL, '', '', '', '', NULL, 12);

-- --------------------------------------------------------

--
-- Estructura de tabla para la tabla `meses`
--

CREATE TABLE `meses` (
  `id` int(10) UNSIGNED NOT NULL,
  `descripcion` varchar(255) COLLATE utf8_unicode_ci NOT NULL
) ENGINE=InnoDB DEFAULT CHARSET=utf8 COLLATE=utf8_unicode_ci;

--
-- Volcado de datos para la tabla `meses`
--

INSERT INTO `meses` (`id`, `descripcion`) VALUES
(1, 'enero'),
(2, 'febrero'),
(3, 'marzo'),
(4, 'abril'),
(5, 'mayo'),
(6, 'junio'),
(7, 'julio'),
(8, 'agosto'),
(9, 'septiembre'),
(10, 'octubre'),
(11, 'noviembre'),
(12, 'diciembre');

-- --------------------------------------------------------

--
-- Estructura de tabla para la tabla `migrations`
--

CREATE TABLE `migrations` (
  `id` int(10) UNSIGNED NOT NULL,
  `migration` varchar(255) COLLATE utf8_unicode_ci NOT NULL,
  `batch` int(11) NOT NULL
) ENGINE=InnoDB DEFAULT CHARSET=utf8 COLLATE=utf8_unicode_ci;

--
-- Volcado de datos para la tabla `migrations`
--

INSERT INTO `migrations` (`id`, `migration`, `batch`) VALUES
(2, '2014_10_12_100000_create_password_resets_table', 1),
(3, '2016_11_14_023141_create_edadcategorias_table', 1),
(4, '2016_11_14_023343_create_ocupaciones_table', 1),
(5, '2016_11_14_023548_create_territorios_table', 1),
(6, '2016_11_14_023700_create_idiomas_table', 2),
(7, '2016_11_14_023701_create_personaas_table', 3),
(8, '2016_11_14_033941_create_diezmos_table', 4),
(9, '2016_11_21_224326_create_iglesias_table', 5),
(10, '2016_11_21_224835_add_iglesia_id_to_personas_table', 6),
(11, '2016_12_10_125258_create_configuracion_table', 7),
(12, '2016_12_11_150704_create_meses_table', 8),
(13, '2014_10_12_000000_create_users_table', 9);

-- --------------------------------------------------------

--
-- Estructura de tabla para la tabla `ocupaciones`
--

CREATE TABLE `ocupaciones` (
  `id` int(10) UNSIGNED NOT NULL,
  `created_at` timestamp NULL DEFAULT NULL,
  `updated_at` timestamp NULL DEFAULT NULL,
  `descripcion` varchar(255) COLLATE utf8_unicode_ci NOT NULL
) ENGINE=InnoDB DEFAULT CHARSET=utf8 COLLATE=utf8_unicode_ci;

--
-- Volcado de datos para la tabla `ocupaciones`
--

INSERT INTO `ocupaciones` (`id`, `created_at`, `updated_at`, `descripcion`) VALUES
(2, '2016-11-19 20:43:49', '2016-11-19 20:43:49', 'Albañil'),
(4, '2016-11-19 20:44:07', '2016-11-19 20:44:07', 'Gasista'),
(5, '2016-11-19 20:44:11', '2016-11-19 20:44:11', 'Ama de Casa'),
(6, '2016-11-20 22:47:14', '2016-11-20 22:47:14', 'Pastor'),
(7, '2016-11-20 22:48:44', '2016-11-20 22:48:44', 'Plomero'),
(8, '2016-12-18 18:39:35', '2016-12-18 18:39:35', 'Vendedor'),
(9, '2016-12-18 18:40:05', '2016-12-18 18:40:05', 'Administrativo ICIA'),
(10, '2016-12-18 18:40:31', '2016-12-18 18:40:31', 'Oficinista'),
(11, '2016-12-18 18:41:07', '2016-12-18 18:41:07', 'Maestro'),
(12, '2016-12-18 18:41:30', '2016-12-18 18:41:30', 'Doctor'),
(13, '2016-12-18 18:41:43', '2016-12-18 18:41:43', 'Enfermera'),
(14, '2016-12-18 18:42:07', '2016-12-18 18:42:07', 'Herrero'),
(15, '2016-12-18 18:42:53', '2016-12-18 18:42:53', 'Peluquero'),
(16, '2016-12-18 18:51:02', '2016-12-18 18:51:02', 'Estudiante'),
(17, '2017-02-13 17:18:53', '2017-02-13 17:18:53', 'Taxista'),
(18, '2017-02-13 17:19:59', '2017-02-13 17:19:59', 'Pendiente'),
(19, '2017-02-13 17:20:32', '2017-02-13 17:20:32', 'Negocio'),
(20, '2017-02-13 18:32:25', '2017-02-13 18:32:25', 'Policia'),
(21, '2017-02-13 18:32:48', '2017-02-13 18:32:48', 'Chofer'),
(22, '2017-02-13 23:09:46', '2017-02-13 23:09:46', 'Fabrica'),
(23, '2017-03-02 16:44:30', '2017-03-02 16:44:30', 'Super Mercado');

-- --------------------------------------------------------

--
-- Estructura de tabla para la tabla `password_resets`
--

CREATE TABLE `password_resets` (
  `email` varchar(255) COLLATE utf8_unicode_ci NOT NULL,
  `token` varchar(255) COLLATE utf8_unicode_ci NOT NULL,
  `created_at` timestamp NULL DEFAULT NULL
) ENGINE=InnoDB DEFAULT CHARSET=utf8 COLLATE=utf8_unicode_ci;

-- --------------------------------------------------------

--
-- Estructura de tabla para la tabla `personas`
--

CREATE TABLE `personas` (
  `id` int(10) UNSIGNED NOT NULL,
  `created_at` timestamp NULL DEFAULT NULL,
  `updated_at` timestamp NULL DEFAULT NULL,
  `apellido` varchar(255) COLLATE utf8_unicode_ci DEFAULT NULL,
  `nombre` varchar(255) COLLATE utf8_unicode_ci NOT NULL,
  `direccion` varchar(255) COLLATE utf8_unicode_ci DEFAULT NULL,
  `location` varchar(255) COLLATE utf8_unicode_ci DEFAULT NULL,
  `telefono1` varchar(255) COLLATE utf8_unicode_ci DEFAULT NULL,
  `telefono2` varchar(255) COLLATE utf8_unicode_ci DEFAULT NULL,
  `telefono3` varchar(255) COLLATE utf8_unicode_ci DEFAULT NULL,
  `fecha_de_nacimiento` date DEFAULT NULL,
  `fecha_de_fallecimiento` date DEFAULT NULL,
  `sexo` char(1) COLLATE utf8_unicode_ci DEFAULT NULL,
  `estado_civil` int(11) DEFAULT NULL,
  `observaciones` text COLLATE utf8_unicode_ci,
  `activo` tinyint(1) NOT NULL DEFAULT '1',
  `foto` varchar(255) COLLATE utf8_unicode_ci DEFAULT NULL,
  `email` varchar(255) COLLATE utf8_unicode_ci DEFAULT NULL,
  `idioma_nativo_id` int(11) DEFAULT NULL,
  `categoria_id` int(10) UNSIGNED DEFAULT NULL,
  `ocupacion_id` int(10) UNSIGNED DEFAULT NULL,
  `territorio_id` int(10) UNSIGNED DEFAULT NULL,
  `conyugue_id` int(10) UNSIGNED DEFAULT NULL,
  `padre_id` int(10) UNSIGNED DEFAULT NULL,
  `madre_id` int(10) UNSIGNED DEFAULT NULL,
  `hijo_id` int(10) UNSIGNED DEFAULT NULL,
  `hija_id` int(10) UNSIGNED DEFAULT NULL,
  `mentor_id` int(10) UNSIGNED DEFAULT NULL,
  `iglesia_id` int(10) UNSIGNED NOT NULL DEFAULT '1'
) ENGINE=InnoDB DEFAULT CHARSET=utf8 COLLATE=utf8_unicode_ci;

--
-- Volcado de datos para la tabla `personas`
--

INSERT INTO `personas` (`id`, `created_at`, `updated_at`, `apellido`, `nombre`, `direccion`, `location`, `telefono1`, `telefono2`, `telefono3`, `fecha_de_nacimiento`, `fecha_de_fallecimiento`, `sexo`, `estado_civil`, `observaciones`, `activo`, `foto`, `email`, `idioma_nativo_id`, `categoria_id`, `ocupacion_id`, `territorio_id`, `conyugue_id`, `padre_id`, `madre_id`, `hijo_id`, `hija_id`, `mentor_id`, `iglesia_id`) VALUES
(1, '2016-12-16 03:00:00', '2016-12-16 03:00:00', 'Sistema', 'Sistema', NULL, NULL, NULL, NULL, NULL, NULL, NULL, NULL, NULL, NULL, 1, NULL, NULL, NULL, NULL, NULL, NULL, NULL, NULL, NULL, NULL, NULL, NULL, 1),
(7, '2016-11-19 23:19:05', '2016-11-20 22:44:20', 'Gamarra', 'Ricardo', '', NULL, '2216493525', NULL, NULL, '1986-11-05', NULL, 'M', 1, '', 1, NULL, '', NULL, NULL, 2, 6, NULL, NULL, NULL, NULL, NULL, NULL, 1),
(8, '2016-11-20 22:32:28', '2016-11-20 22:32:28', 'Ocaña', 'Iván', '', NULL, '', NULL, NULL, NULL, NULL, 'M', 1, '', 1, NULL, '', NULL, NULL, 2, 6, NULL, NULL, NULL, NULL, NULL, NULL, 1),
(10, '2016-11-22 02:40:25', '2016-11-22 02:40:25', 'Merlo', 'Cristian', '', NULL, '', NULL, NULL, NULL, NULL, 'M', 1, '', 1, NULL, '', NULL, NULL, 2, 7, NULL, NULL, NULL, NULL, NULL, NULL, 1),
(11, '2016-12-14 05:02:23', '2016-12-14 05:02:23', 'Cabrera', 'Lucia ', '23 Nº 721', NULL, '221-503-7305', NULL, NULL, NULL, NULL, 'F', 1, '', 1, NULL, '', NULL, NULL, 6, 7, NULL, NULL, NULL, NULL, NULL, NULL, 1),
(12, NULL, '2016-12-18 20:35:47', 'Vázquez', 'Abraham', '', NULL, '', NULL, NULL, NULL, NULL, 'M', 1, '', 1, NULL, '', NULL, NULL, 6, 7, NULL, NULL, NULL, NULL, NULL, 1, 1),
(13, '2016-12-18 18:12:48', '2016-12-18 18:12:48', 'Villalba', 'Matías', '', NULL, '', NULL, NULL, NULL, NULL, 'M', 1, '', 1, NULL, '', NULL, NULL, 2, 7, NULL, NULL, NULL, NULL, NULL, NULL, 1),
(14, '2016-12-18 18:13:42', '2016-12-18 18:43:55', 'Suárez', 'Adrián', '', NULL, '', NULL, NULL, NULL, NULL, 'M', 1, '', 1, NULL, '', NULL, NULL, 8, 6, NULL, NULL, NULL, NULL, NULL, NULL, 1),
(15, '2016-12-18 18:15:30', '2016-12-18 18:15:30', 'Duarte', 'Gabriela', '', NULL, '', NULL, NULL, NULL, NULL, 'M', 1, '', 1, NULL, '', NULL, NULL, 2, 7, NULL, NULL, NULL, NULL, NULL, NULL, 1),
(16, '2016-12-18 18:27:41', '2016-12-18 18:27:41', 'Vera', 'Angela', '', NULL, '', NULL, NULL, NULL, NULL, 'F', 2, '', 1, NULL, '', NULL, NULL, 5, 8, NULL, NULL, NULL, NULL, NULL, NULL, 1),
(18, '2016-12-18 18:37:27', '2016-12-18 18:37:27', 'Florentin', 'Susana', '', NULL, '', NULL, NULL, NULL, NULL, 'F', 2, '', 1, NULL, '', NULL, NULL, 5, 10, NULL, NULL, NULL, NULL, NULL, NULL, 1),
(19, '2016-12-18 18:46:39', '2016-12-18 18:46:39', 'Duarte', 'Hernan', '', NULL, '', NULL, NULL, NULL, NULL, 'M', 1, '', 1, NULL, '', NULL, NULL, 2, 6, NULL, NULL, NULL, NULL, NULL, NULL, 1),
(20, '2016-12-18 18:48:30', '2016-12-18 18:48:30', 'Batalla', 'Felicidad', '', NULL, '', NULL, NULL, NULL, NULL, 'F', 1, '', 1, NULL, '', NULL, NULL, 5, 10, NULL, NULL, NULL, NULL, NULL, NULL, 1),
(21, '2016-12-18 18:52:42', '2016-12-18 18:52:56', 'Espindola', 'David', '', NULL, '', NULL, NULL, NULL, NULL, 'M', 2, '', 1, NULL, '', NULL, NULL, 16, 3, NULL, NULL, NULL, NULL, NULL, NULL, 1),
(22, '2016-12-18 18:54:41', '2016-12-18 18:54:41', 'Espindola', 'Mari', '', NULL, '', NULL, NULL, NULL, NULL, 'F', 1, '', 1, NULL, '', NULL, NULL, 5, 11, NULL, NULL, NULL, NULL, NULL, NULL, 1),
(23, '2016-12-18 19:00:05', '2016-12-18 19:00:05', 'Flores', 'Alejo', '', NULL, '', NULL, NULL, NULL, NULL, 'F', 1, '', 1, NULL, '', NULL, NULL, 2, 4, NULL, NULL, NULL, NULL, NULL, NULL, 1),
(24, '2016-12-18 19:08:05', '2016-12-18 19:09:17', 'Arispe', 'Victor', '', NULL, '', NULL, NULL, NULL, NULL, 'M', 1, '', 1, NULL, '', NULL, NULL, 2, 17, NULL, NULL, NULL, NULL, NULL, NULL, 1),
(25, '2016-12-18 19:18:38', '2016-12-18 19:18:38', 'Salas', 'Alexis', '', NULL, '', NULL, NULL, NULL, NULL, 'M', 2, '', 1, NULL, '', NULL, NULL, 2, 4, NULL, NULL, NULL, NULL, NULL, NULL, 1),
(26, '2016-12-18 19:41:04', '2016-12-18 19:41:04', 'Villar', 'Maria Ester', '', NULL, '', NULL, NULL, NULL, NULL, 'M', 2, '', 1, NULL, '', NULL, NULL, 13, 6, NULL, NULL, NULL, NULL, NULL, NULL, 1),
(27, '2016-12-18 19:46:12', '2016-12-18 19:46:12', 'Gamarra', 'Carolina', '', NULL, '', NULL, NULL, NULL, NULL, 'F', 1, '', 1, NULL, '', NULL, NULL, 5, 17, NULL, NULL, NULL, NULL, NULL, NULL, 1),
(28, '2016-12-18 19:49:56', '2016-12-18 19:49:56', 'Bazan', 'Maira', '', NULL, '', NULL, NULL, NULL, NULL, 'F', 2, '', 1, NULL, '', NULL, NULL, 5, 6, NULL, NULL, NULL, NULL, NULL, NULL, 1),
(29, '2016-12-18 19:51:20', '2016-12-18 19:51:20', 'Lorea', 'Gladis', '', NULL, '', NULL, NULL, NULL, NULL, 'F', 1, '', 1, NULL, '', NULL, NULL, 5, 6, NULL, NULL, NULL, NULL, NULL, NULL, 1),
(31, '2016-12-18 20:12:44', '2016-12-18 20:12:44', 'Arispe', 'Gabriel', '', NULL, '', NULL, NULL, NULL, NULL, 'M', 2, '', 1, NULL, '', NULL, NULL, 5, 17, NULL, NULL, NULL, NULL, NULL, NULL, 1),
(32, '2016-12-18 20:15:49', '2016-12-18 20:15:49', 'Suarez', 'Hugo', '521 e/118 y 119', NULL, '', NULL, NULL, NULL, NULL, 'M', 1, '', 1, NULL, '', NULL, NULL, 8, 6, NULL, NULL, NULL, NULL, NULL, NULL, 1),
(33, '2016-12-18 20:18:46', '2016-12-18 20:18:46', 'Bacelotte', 'Claudia', '', NULL, '', NULL, NULL, NULL, NULL, 'F', 1, '', 1, NULL, '', NULL, NULL, 9, 7, NULL, NULL, NULL, NULL, NULL, NULL, 1),
(34, '2016-12-18 20:22:46', '2016-12-18 20:22:46', 'Gonzalez', 'Juan ', '', NULL, '', NULL, NULL, NULL, NULL, 'M', 1, '', 1, NULL, '', NULL, NULL, 9, 7, NULL, NULL, NULL, NULL, NULL, NULL, 1),
(35, '2016-12-18 20:24:45', '2016-12-18 20:24:45', 'Ocaña', 'Jesus ', '', NULL, '', NULL, NULL, NULL, NULL, 'M', 2, '', 1, NULL, '', NULL, NULL, 2, 10, NULL, NULL, NULL, NULL, NULL, NULL, 1),
(36, '2016-12-18 20:26:04', '2016-12-18 20:26:04', 'Molina', 'Fermina', '', NULL, '', NULL, NULL, NULL, NULL, 'F', 1, '', 1, NULL, '', NULL, NULL, 15, 16, NULL, NULL, NULL, NULL, NULL, NULL, 1),
(37, '2016-12-18 20:27:52', '2016-12-18 20:27:52', 'Casamayor', 'Leandro', '', NULL, '', NULL, NULL, NULL, NULL, 'M', 2, '', 1, NULL, '', NULL, NULL, 2, 4, NULL, NULL, NULL, NULL, NULL, NULL, 1),
(38, '2016-12-18 20:29:18', '2016-12-18 20:29:18', 'Ibarra', 'Patricia ', '', NULL, '', NULL, NULL, NULL, NULL, 'F', 1, '', 1, NULL, '', NULL, NULL, 6, 7, NULL, NULL, NULL, NULL, NULL, NULL, 1),
(39, '2016-12-18 20:35:32', '2016-12-18 20:35:32', 'de Vazquez', 'Anastasia', '520 e 117 y 118', NULL, '221-546-0191', NULL, NULL, NULL, NULL, 'F', 1, '', 1, NULL, '', NULL, NULL, 6, 7, NULL, NULL, NULL, NULL, NULL, NULL, 1),
(40, '2017-01-07 16:17:34', '2017-01-07 16:17:34', 'Suarez', 'Felipe (hijo)', '', NULL, '', NULL, NULL, NULL, NULL, 'M', 1, '', 1, NULL, '', NULL, NULL, 9, 7, NULL, NULL, NULL, NULL, NULL, NULL, 1),
(41, '2017-02-11 15:53:43', '2017-02-11 15:53:43', 'Palomo', 'María', '', NULL, '', NULL, NULL, NULL, NULL, 'M', 1, '', 1, NULL, '', NULL, NULL, 9, 7, NULL, NULL, NULL, NULL, NULL, NULL, 1),
(43, '2017-02-13 15:23:33', '2017-02-13 15:23:33', 'Suarez', 'Noelia ', '', NULL, '', NULL, NULL, NULL, NULL, 'F', 1, '', 1, NULL, '', NULL, NULL, 9, 6, NULL, NULL, NULL, NULL, NULL, NULL, 1),
(44, '2017-02-13 15:28:06', '2017-02-13 15:28:06', 'Anachuri', 'Jorgelina ', '', NULL, '221-454-9700', NULL, NULL, NULL, NULL, 'F', 1, '', 1, NULL, '', NULL, NULL, 9, 6, NULL, NULL, NULL, NULL, NULL, NULL, 1),
(45, '2017-02-13 15:30:42', '2017-02-13 15:30:42', 'Rospilloso', 'Justina', '', NULL, '', NULL, NULL, NULL, NULL, 'F', 1, '', 1, NULL, '', NULL, NULL, 5, 2, NULL, NULL, NULL, NULL, NULL, NULL, 1),
(46, '2017-02-13 15:36:42', '2017-02-13 15:36:42', 'Cabrera', 'Javier', '', NULL, '', NULL, NULL, NULL, NULL, 'M', 1, '', 1, NULL, '', NULL, NULL, 7, 7, NULL, NULL, NULL, NULL, NULL, NULL, 1),
(47, '2017-02-13 15:41:56', '2017-02-13 15:41:56', 'Ramirez', 'Norma', '', NULL, '', NULL, NULL, NULL, NULL, 'F', 2, '', 1, NULL, '', NULL, NULL, 5, 3, NULL, NULL, NULL, NULL, NULL, NULL, 1),
(48, '2017-02-13 15:44:18', '2017-02-13 15:44:18', 'Suarez', 'Melina', '', NULL, '', NULL, NULL, NULL, NULL, 'F', 2, '', 1, NULL, '', NULL, NULL, 16, 6, NULL, NULL, NULL, NULL, NULL, NULL, 1),
(49, '2017-02-13 15:46:06', '2017-02-13 15:46:06', 'Ocaña', 'Martin', '', NULL, '', NULL, NULL, NULL, NULL, 'M', 1, '', 1, NULL, '', NULL, NULL, 8, 10, NULL, NULL, NULL, NULL, NULL, NULL, 1),
(50, '2017-02-13 15:49:21', '2017-02-13 15:49:21', 'Gonzalez', 'Juan', '', NULL, '', NULL, NULL, NULL, NULL, 'M', 1, '', 1, NULL, '', NULL, NULL, 9, 3, NULL, NULL, NULL, NULL, NULL, NULL, 1),
(51, '2017-02-13 15:56:27', '2017-02-13 15:56:27', 'Zarate', 'Diego', '', NULL, '', NULL, NULL, NULL, NULL, 'M', 2, '', 1, NULL, '', NULL, NULL, 10, 18, NULL, NULL, NULL, NULL, NULL, NULL, 1),
(52, '2017-02-13 16:09:51', '2017-02-13 16:09:51', 'Romero', 'Hernan', '', NULL, '', NULL, NULL, NULL, NULL, 'M', 1, '', 1, NULL, '', NULL, NULL, 9, 7, NULL, NULL, NULL, NULL, NULL, NULL, 1),
(53, '2017-02-13 16:20:51', '2017-02-13 16:20:51', 'Sosa', 'Silvana', '', NULL, '', NULL, NULL, NULL, NULL, 'F', 1, '', 1, NULL, '', NULL, NULL, 5, 7, NULL, NULL, NULL, NULL, NULL, NULL, 1),
(54, '2017-02-13 16:29:08', '2017-02-13 16:29:08', 'Dos Santos', 'Eli', '', NULL, '', NULL, NULL, NULL, NULL, 'F', 1, '', 1, NULL, '', NULL, NULL, 9, 11, NULL, NULL, NULL, NULL, NULL, NULL, 1),
(55, '2017-02-13 16:33:50', '2017-02-13 16:33:50', 'Reynoso', 'Reína', '', NULL, '', NULL, NULL, NULL, NULL, 'F', 2, '', 1, NULL, '', NULL, NULL, 16, 18, NULL, NULL, NULL, NULL, NULL, NULL, 1),
(56, '2017-02-13 16:34:45', '2017-02-13 16:34:45', 'Reynoso', 'Gonzalo', '', NULL, '', NULL, NULL, NULL, NULL, 'M', 2, '', 1, NULL, '', NULL, NULL, 16, 18, NULL, NULL, NULL, NULL, NULL, NULL, 1),
(57, '2017-02-13 16:43:15', '2017-02-13 16:43:15', 'Yllodo', 'Maria Victoria', '', NULL, '', NULL, NULL, NULL, NULL, 'F', 1, '', 1, NULL, '', NULL, NULL, 9, 12, NULL, NULL, NULL, NULL, NULL, NULL, 1),
(58, '2017-02-13 16:45:01', '2017-02-13 16:45:01', 'Manzi', 'Emanuel', '', NULL, '', NULL, NULL, NULL, NULL, 'M', 1, '', 1, NULL, '', NULL, NULL, 2, 10, NULL, NULL, NULL, NULL, NULL, NULL, 1),
(59, '2017-02-13 16:48:48', '2017-02-13 16:48:48', 'Rivarola', 'Alejandra', '', NULL, '', NULL, NULL, NULL, NULL, 'F', 2, '', 1, NULL, '', NULL, NULL, 8, 7, NULL, NULL, NULL, NULL, NULL, NULL, 1),
(60, '2017-02-13 17:03:59', '2017-02-13 17:04:35', 'Jacquet', 'Sharon', '', NULL, '', NULL, NULL, NULL, NULL, 'F', 2, '', 1, NULL, '', NULL, NULL, 16, 4, NULL, NULL, NULL, NULL, NULL, NULL, 1),
(61, '2017-02-13 17:06:58', '2017-02-13 17:06:58', 'Aquino', 'Andres', '', NULL, '', NULL, NULL, NULL, NULL, 'M', 1, '', 1, NULL, '', NULL, NULL, 2, 8, NULL, NULL, NULL, NULL, NULL, NULL, 1),
(62, '2017-02-13 17:10:55', '2017-02-13 17:10:55', 'Ortiz', 'Maria', '', NULL, '', NULL, NULL, NULL, NULL, 'F', 1, '', 1, NULL, '', NULL, NULL, 5, 7, NULL, NULL, NULL, NULL, NULL, NULL, 1),
(63, '2017-02-13 17:15:32', '2017-02-13 17:15:32', 'Romero', 'Javier', '', NULL, '221-317-2199', NULL, NULL, NULL, NULL, 'M', 1, '', 1, NULL, '', NULL, NULL, 9, 12, NULL, NULL, NULL, NULL, NULL, NULL, 1),
(64, '2017-02-13 17:18:29', '2017-02-13 17:23:17', 'Escudero', 'Rubén Dario', '', NULL, '221-638-5079', NULL, NULL, NULL, NULL, 'M', 1, '', 1, NULL, '', NULL, NULL, 17, 3, NULL, NULL, NULL, NULL, NULL, NULL, 1),
(65, '2017-02-13 17:25:53', '2017-02-13 17:25:53', 'Ferrari', 'Jacqueline', '', NULL, '', NULL, NULL, NULL, NULL, 'F', 1, '', 1, NULL, '', NULL, NULL, 5, 10, NULL, NULL, NULL, NULL, NULL, NULL, 1),
(66, '2017-02-13 17:36:13', '2017-02-13 17:36:13', 'Correa', 'Gabriel', '', NULL, '', NULL, NULL, NULL, NULL, 'M', 1, '', 1, NULL, '', NULL, NULL, 8, 15, NULL, NULL, NULL, NULL, NULL, NULL, 1),
(67, '2017-02-13 17:43:51', '2017-02-13 17:43:51', 'Fleischer', 'Gabriel', '', NULL, '', NULL, NULL, NULL, NULL, 'M', 1, '', 1, NULL, '', NULL, NULL, 18, 12, NULL, NULL, NULL, NULL, NULL, NULL, 1),
(68, '2017-02-13 17:48:19', '2017-02-13 17:48:19', 'Rojas', 'Silvana', '', NULL, '221-434-1791', NULL, NULL, NULL, NULL, 'F', 2, '', 1, NULL, '', NULL, NULL, 5, 6, NULL, NULL, NULL, NULL, NULL, NULL, 1),
(69, '2017-02-13 17:50:57', '2017-02-13 17:50:57', 'Mancilla', 'Lucia', '', NULL, '', NULL, NULL, NULL, NULL, 'F', 1, '', 1, NULL, '', NULL, NULL, 5, 2, NULL, NULL, NULL, NULL, NULL, NULL, 1),
(70, '2017-02-13 17:53:53', '2017-02-13 17:53:53', 'Preste', 'Nora', '', NULL, '', NULL, NULL, NULL, NULL, 'F', 1, '', 1, NULL, '', NULL, NULL, 10, 12, NULL, NULL, NULL, NULL, NULL, NULL, 1),
(71, '2017-02-13 17:57:03', '2017-02-13 17:57:03', 'Ramirez', 'Isaac', '183 e/ 116 y 117', NULL, '', NULL, NULL, NULL, NULL, 'M', 1, '', 1, NULL, '', NULL, NULL, 2, 9, NULL, NULL, NULL, NULL, NULL, NULL, 1),
(72, '2017-02-13 17:58:35', '2017-02-13 17:58:35', 'Barrientos', 'Camila', '', NULL, '', NULL, NULL, NULL, NULL, 'F', 2, '', 1, NULL, '', NULL, NULL, 18, 16, NULL, NULL, NULL, NULL, NULL, NULL, 1),
(73, '2017-02-13 17:59:46', '2017-02-13 17:59:46', 'Alvarez', 'Monica', '', NULL, '', NULL, NULL, NULL, NULL, 'F', 1, '', 1, NULL, '', NULL, NULL, 5, 16, NULL, NULL, NULL, NULL, NULL, NULL, 1),
(74, '2017-02-13 18:01:52', '2017-02-13 18:01:52', 'Acosta', 'Ivan', '', NULL, '', NULL, NULL, NULL, NULL, 'M', 1, '', 1, NULL, '', NULL, NULL, 18, 12, NULL, NULL, NULL, NULL, NULL, NULL, 1),
(75, '2017-02-13 18:07:36', '2017-02-13 18:07:36', 'Ibarra', 'Luis', '', NULL, '470-0338', NULL, NULL, NULL, NULL, 'M', 1, '', 1, NULL, '', NULL, NULL, 18, 16, NULL, NULL, NULL, NULL, NULL, NULL, 1),
(76, '2017-02-13 18:13:44', '2017-02-13 18:13:44', 'Vazquez', 'Carolina', '521 y 117', NULL, '', NULL, NULL, NULL, NULL, 'F', 1, '', 1, NULL, '', NULL, NULL, 5, 4, NULL, NULL, NULL, NULL, NULL, NULL, 1),
(77, '2017-02-13 18:17:06', '2017-02-13 18:17:06', 'Gimenez', 'Elvio', '', NULL, '', NULL, NULL, NULL, NULL, 'M', 1, '', 1, NULL, '', NULL, NULL, 19, 3, NULL, NULL, NULL, NULL, NULL, NULL, 1),
(78, '2017-02-13 18:18:15', '2017-02-13 18:18:15', 'Cruzeño', 'Mabel', '', NULL, '', NULL, NULL, NULL, NULL, 'F', 1, '', 1, NULL, '', NULL, NULL, 5, 3, NULL, NULL, NULL, NULL, NULL, NULL, 1),
(79, '2017-02-13 18:20:08', '2017-02-13 18:20:08', 'Moran', 'Dylan', '', NULL, '', NULL, NULL, NULL, NULL, 'M', 2, '', 1, NULL, '', NULL, NULL, 18, 12, NULL, NULL, NULL, NULL, NULL, NULL, 1),
(80, '2017-02-13 18:22:35', '2017-02-13 18:22:35', 'Casco', 'Laura', '183 e/ 116 y 117', NULL, '', NULL, NULL, NULL, NULL, 'F', 1, '', 1, NULL, '', NULL, NULL, 5, 9, NULL, NULL, NULL, NULL, NULL, NULL, 1),
(81, '2017-02-13 18:28:23', '2017-02-13 18:28:23', 'Souza', 'Veronica', '520 e/ 116 y 117', NULL, '', NULL, NULL, NULL, NULL, 'F', 2, '', 1, NULL, '', NULL, NULL, 9, 7, NULL, NULL, NULL, NULL, NULL, NULL, 1),
(82, '2017-02-13 18:29:55', '2017-02-13 18:29:55', 'Benitez', 'Carolina', '', NULL, '', NULL, NULL, NULL, NULL, 'F', 1, '', 1, NULL, '', NULL, NULL, 18, 6, NULL, NULL, NULL, NULL, NULL, NULL, 1),
(83, '2017-02-13 18:31:59', '2017-02-13 18:33:18', 'Videla', 'Alejandro', '', NULL, '', NULL, NULL, NULL, NULL, 'F', 1, '', 1, NULL, '', NULL, NULL, 20, 11, NULL, NULL, NULL, NULL, NULL, NULL, 1),
(84, '2017-02-13 18:34:33', '2017-02-13 18:34:33', 'Videla', 'Karina', '', NULL, '', NULL, NULL, NULL, NULL, 'F', 1, '', 1, NULL, '', NULL, NULL, 5, 11, NULL, NULL, NULL, NULL, NULL, NULL, 1),
(85, '2017-02-13 18:37:08', '2017-02-13 18:37:08', 'Fasoli', 'Adriana', '', NULL, '', NULL, NULL, NULL, NULL, 'F', 2, '', 1, NULL, '', NULL, NULL, 5, 3, NULL, NULL, NULL, NULL, NULL, NULL, 1),
(86, '2017-02-13 18:39:00', '2017-02-13 18:39:00', 'Viña', 'Yamailen', '', NULL, '', NULL, NULL, NULL, NULL, 'F', 2, '', 1, NULL, '', NULL, NULL, 18, 12, NULL, NULL, NULL, NULL, NULL, NULL, 1),
(87, '2017-02-13 18:41:34', '2017-02-13 18:41:34', 'Samaniego', 'Miriam', '', NULL, '', NULL, NULL, NULL, NULL, 'F', 1, '', 1, NULL, '', NULL, NULL, 15, 3, NULL, NULL, NULL, NULL, NULL, NULL, 1),
(88, '2017-02-13 18:43:38', '2017-02-13 18:43:38', 'Jacquet', 'Jose', '', NULL, '221-304-0414', NULL, NULL, NULL, NULL, 'F', 1, '', 1, NULL, '', NULL, NULL, 2, 4, NULL, NULL, NULL, NULL, NULL, NULL, 1),
(89, '2017-02-13 18:45:48', '2017-02-13 18:45:48', 'Gamarra', 'Isabella', '', NULL, '', NULL, NULL, NULL, NULL, 'F', 2, '', 1, NULL, '', NULL, NULL, 18, 17, NULL, NULL, NULL, NULL, NULL, NULL, 1),
(90, '2017-02-13 18:47:21', '2017-02-13 18:47:21', 'Pluchinotta', 'Joshua', '', NULL, '', NULL, NULL, NULL, NULL, 'M', 2, '', 1, NULL, '', NULL, NULL, 18, 15, NULL, NULL, NULL, NULL, NULL, NULL, 1),
(91, '2017-02-13 18:49:06', '2017-02-13 18:49:06', 'Daza', 'Yamil', '', NULL, '221-306-8707', NULL, NULL, NULL, NULL, 'F', 2, '', 1, NULL, '', NULL, NULL, 16, 12, NULL, NULL, NULL, NULL, NULL, NULL, 1),
(92, '2017-02-13 18:50:39', '2017-02-13 18:50:39', 'Romero', 'Ignacio', '', NULL, '', NULL, NULL, NULL, NULL, 'M', 1, '', 1, NULL, '', NULL, NULL, 9, 12, NULL, NULL, NULL, NULL, NULL, NULL, 1),
(93, '2017-02-13 18:53:13', '2017-02-13 18:53:13', 'Pluchinotta', 'Joel', '', NULL, '', NULL, NULL, NULL, NULL, 'M', 2, '', 1, NULL, '', NULL, NULL, 18, 15, NULL, NULL, NULL, NULL, NULL, NULL, 1),
(94, '2017-02-13 18:54:59', '2017-02-13 18:54:59', 'Gamarra', 'Benjamin', '', NULL, '', NULL, NULL, NULL, NULL, 'M', 2, '', 1, NULL, '', NULL, NULL, 18, 17, NULL, NULL, NULL, NULL, NULL, NULL, 1),
(95, '2017-02-13 18:58:54', '2017-02-13 18:58:54', 'Pluchinotta', 'Dario', '', NULL, '', NULL, NULL, NULL, NULL, 'M', 1, '', 1, NULL, '', NULL, NULL, 9, 15, NULL, NULL, NULL, NULL, NULL, NULL, 1),
(96, '2017-02-13 19:00:03', '2017-02-13 19:00:03', 'Pluchinotta', 'Misael', '', NULL, '', NULL, NULL, NULL, NULL, 'M', 2, '', 1, NULL, '', NULL, NULL, 16, 15, NULL, NULL, NULL, NULL, NULL, NULL, 1),
(97, '2017-02-13 19:01:26', '2017-02-13 19:01:26', 'Pluchinotta', 'Axel', '', NULL, '', NULL, NULL, NULL, NULL, 'M', 2, '', 1, NULL, '', NULL, NULL, 16, 15, NULL, NULL, NULL, NULL, NULL, NULL, 1),
(98, '2017-02-13 19:07:01', '2017-02-13 19:07:01', 'Gomez', 'Cinthya Luz', '', NULL, '', NULL, NULL, NULL, NULL, 'F', 2, '', 1, NULL, '', NULL, NULL, 9, 9, NULL, NULL, NULL, NULL, NULL, NULL, 1),
(99, '2017-02-13 19:08:08', '2017-02-13 19:08:08', 'Blanco', 'Mateo', '', NULL, '', NULL, NULL, NULL, NULL, 'M', 2, '', 1, NULL, '', NULL, NULL, 16, 18, NULL, NULL, NULL, NULL, NULL, NULL, 1),
(100, '2017-02-13 19:09:24', '2017-02-13 19:09:24', 'Morales', 'Marcelo', '', NULL, '', NULL, NULL, NULL, NULL, 'M', 1, '', 1, NULL, '', NULL, NULL, 18, 8, NULL, NULL, NULL, NULL, NULL, NULL, 1),
(101, '2017-02-13 19:11:39', '2017-02-13 19:11:39', 'Vazquez', 'Liborio', '', NULL, '', NULL, NULL, NULL, NULL, 'M', 1, '', 1, NULL, '', NULL, NULL, 2, 8, NULL, NULL, NULL, NULL, NULL, NULL, 1),
(102, '2017-02-13 19:12:47', '2017-02-13 19:12:47', 'Daza', 'Marcos', '', NULL, '', NULL, NULL, NULL, NULL, 'M', 2, '', 1, NULL, '', NULL, NULL, 16, 2, NULL, NULL, NULL, NULL, NULL, NULL, 1),
(103, '2017-02-13 19:17:00', '2017-02-13 19:17:00', 'Arispe', 'Nieve', '', NULL, '', NULL, NULL, NULL, NULL, 'F', 1, '', 1, NULL, '', NULL, NULL, 5, 17, NULL, NULL, NULL, NULL, NULL, NULL, 1),
(104, '2017-02-13 19:19:03', '2017-02-13 19:19:03', 'Angeloff', 'Gustavo', '', NULL, '', NULL, NULL, NULL, NULL, 'M', 2, '', 1, NULL, '', NULL, NULL, 18, 4, NULL, NULL, NULL, NULL, NULL, NULL, 1),
(105, '2017-02-13 19:27:51', '2017-02-13 19:27:51', 'Arce', 'Juan', '', NULL, '', NULL, NULL, NULL, NULL, 'M', 1, '', 1, NULL, '', NULL, NULL, 14, 18, NULL, NULL, NULL, NULL, NULL, NULL, 1),
(106, '2017-02-13 19:33:31', '2017-02-13 19:33:31', 'Gamarra', 'Nelida', '', NULL, '', NULL, NULL, NULL, NULL, 'F', 1, '', 1, NULL, '', NULL, NULL, 9, 18, NULL, NULL, NULL, NULL, NULL, NULL, 1),
(107, '2017-02-13 19:36:26', '2017-02-13 19:36:26', 'Pluchinotta', 'Karen', '', NULL, '', NULL, NULL, NULL, NULL, 'F', 1, '', 1, NULL, '', NULL, NULL, 9, 15, NULL, NULL, NULL, NULL, NULL, NULL, 1),
(108, '2017-02-13 19:38:07', '2017-02-13 19:38:07', 'Ocaña', 'Debora', '', NULL, '', NULL, NULL, NULL, NULL, 'F', 1, '', 1, NULL, '', NULL, NULL, 9, 8, NULL, NULL, NULL, NULL, NULL, NULL, 1),
(109, '2017-02-13 21:20:19', '2017-02-13 21:20:19', 'Garay', 'Laura', '', NULL, '', NULL, NULL, NULL, NULL, 'F', 1, '', 1, NULL, '', NULL, NULL, 5, 7, NULL, NULL, NULL, NULL, NULL, NULL, 1),
(110, '2017-02-13 21:28:20', '2017-02-13 21:28:20', 'Flores', 'Sara Mabel', '521 e/118 y 119', NULL, '221-317-2341', NULL, NULL, NULL, NULL, 'F', 1, '', 1, NULL, '', NULL, NULL, 9, 4, NULL, NULL, NULL, NULL, NULL, NULL, 1),
(111, '2017-02-13 21:30:35', '2017-02-13 21:30:35', 'Ocaña', 'Erica', '', NULL, '', NULL, NULL, NULL, NULL, 'F', 2, '', 1, NULL, '', NULL, NULL, 16, 10, NULL, NULL, NULL, NULL, NULL, NULL, 1),
(112, '2017-02-13 21:31:59', '2017-02-13 21:31:59', 'Bond', 'Elena', '', NULL, '', NULL, NULL, NULL, NULL, 'F', 2, '', 1, NULL, '', NULL, NULL, 5, 8, NULL, NULL, NULL, NULL, NULL, NULL, 1),
(113, '2017-02-13 21:36:27', '2017-02-13 21:36:27', 'Gamarra', 'Omar', '', NULL, '', NULL, NULL, NULL, NULL, 'M', 1, '', 1, NULL, '', NULL, NULL, 9, 18, NULL, NULL, NULL, NULL, NULL, NULL, 1),
(114, '2017-02-13 21:37:42', '2017-02-13 21:37:42', 'Benitez', 'Marilin', '', NULL, '', NULL, NULL, NULL, NULL, 'F', 1, '', 1, NULL, '', NULL, NULL, 5, 7, NULL, NULL, NULL, NULL, NULL, NULL, 1),
(115, '2017-02-13 21:39:00', '2017-02-13 21:39:00', 'Fredes', 'Alejandra', '', NULL, '', NULL, NULL, NULL, NULL, 'F', 1, '', 1, NULL, '', NULL, NULL, 5, 2, NULL, NULL, NULL, NULL, NULL, NULL, 1),
(116, '2017-02-13 21:41:21', '2017-02-13 21:41:21', 'Madueño', 'Juan', '', NULL, '', NULL, NULL, NULL, NULL, 'M', 1, '', 1, NULL, '', NULL, NULL, 18, 6, NULL, NULL, NULL, NULL, NULL, NULL, 1),
(117, '2017-02-13 21:44:21', '2017-02-13 21:44:21', 'Madueño', 'Norma', '', NULL, '', NULL, NULL, NULL, NULL, 'F', 1, '', 1, NULL, '', NULL, NULL, 5, 6, NULL, NULL, NULL, NULL, NULL, NULL, 1),
(118, '2017-02-13 22:08:23', '2017-02-13 22:08:23', 'Romero', 'Natalia', '', NULL, '', NULL, NULL, NULL, NULL, 'F', 2, '', 1, NULL, '', NULL, NULL, 9, 12, NULL, NULL, NULL, NULL, NULL, NULL, 1),
(119, '2017-02-13 22:15:10', '2017-02-13 22:15:10', 'Kuchaski', 'Maximiliano', '', NULL, '', NULL, NULL, NULL, NULL, 'M', 1, '', 1, NULL, '', NULL, NULL, 20, 18, NULL, NULL, NULL, NULL, NULL, NULL, 1),
(120, '2017-02-13 22:19:18', '2017-02-13 22:19:18', 'Francela', 'Yanina', '', NULL, '', NULL, NULL, NULL, NULL, 'F', 2, '', 1, NULL, '', NULL, NULL, 18, 12, NULL, NULL, NULL, NULL, NULL, NULL, 1),
(121, '2017-02-13 22:24:51', '2017-02-13 22:24:51', 'Jimenes', 'Stella Maris', '', NULL, '', NULL, NULL, NULL, NULL, 'F', 1, '', 1, NULL, '', NULL, NULL, 5, 7, NULL, NULL, NULL, NULL, NULL, NULL, 1),
(122, '2017-02-13 22:29:04', '2017-02-13 22:29:04', 'Garcia', 'Ludmila', '', NULL, '', NULL, NULL, NULL, NULL, 'F', 2, '', 1, NULL, '', NULL, NULL, 16, 10, NULL, NULL, NULL, NULL, NULL, NULL, 1),
(123, '2017-02-13 22:33:17', '2017-02-13 22:33:17', 'Gordillo', 'Gonzalo', '', NULL, '', NULL, NULL, NULL, NULL, 'M', 2, '', 1, NULL, '', NULL, NULL, 18, 10, NULL, NULL, NULL, NULL, NULL, NULL, 1),
(124, '2017-02-13 22:35:53', '2017-02-13 22:35:53', 'Caballero', 'Maria del Carmen', '', NULL, '', NULL, NULL, NULL, NULL, 'F', 1, '', 1, NULL, '', NULL, NULL, 5, 9, NULL, NULL, NULL, NULL, NULL, NULL, 1),
(125, '2017-02-13 22:41:03', '2017-02-13 22:41:03', 'Medina', 'Silvio', '', NULL, '', NULL, NULL, NULL, NULL, 'M', 1, '', 1, NULL, '', NULL, NULL, 17, 10, NULL, NULL, NULL, NULL, NULL, NULL, 1),
(126, '2017-02-13 22:48:50', '2017-02-13 22:48:50', 'Sullca', 'Eugenia', '', NULL, '', NULL, NULL, NULL, NULL, 'F', 1, '', 1, NULL, '', NULL, NULL, 5, 11, NULL, NULL, NULL, NULL, NULL, NULL, 1),
(127, '2017-02-13 22:52:12', '2017-02-13 22:52:12', 'Simoi', 'Irma', '', NULL, '', NULL, NULL, NULL, NULL, 'F', 1, '', 1, NULL, '', NULL, NULL, 18, 12, NULL, NULL, NULL, NULL, NULL, NULL, 1),
(128, '2017-02-13 22:55:23', '2017-02-13 22:55:23', 'Dosanto', 'Elsa', '', NULL, '', NULL, NULL, NULL, NULL, 'F', 1, '', 1, NULL, '', NULL, NULL, 5, 7, NULL, NULL, NULL, NULL, NULL, NULL, 1),
(129, '2017-02-13 22:57:10', '2017-02-13 22:57:10', 'Paco', 'Eulogia', '', NULL, '', NULL, NULL, NULL, NULL, 'F', 1, '', 1, NULL, '', NULL, NULL, 5, 15, NULL, NULL, NULL, NULL, NULL, NULL, 1),
(130, '2017-02-13 23:01:57', '2017-02-13 23:03:31', 'Daza', 'Miqueas', '', NULL, '', NULL, NULL, NULL, NULL, 'M', 2, '', 1, NULL, '', NULL, NULL, 18, 20, NULL, NULL, NULL, NULL, NULL, NULL, 1),
(131, '2017-02-13 23:06:19', '2017-02-13 23:06:19', 'Dure', 'Alejandro', '', NULL, '', NULL, NULL, NULL, NULL, 'M', 1, '', 1, NULL, '', NULL, NULL, 2, 9, NULL, NULL, NULL, NULL, NULL, NULL, 1),
(132, '2017-02-13 23:09:26', '2017-02-13 23:10:24', 'Daza', 'Cristian', '', NULL, '', NULL, NULL, NULL, NULL, 'M', 1, '', 1, NULL, '', NULL, NULL, 22, 20, NULL, NULL, NULL, NULL, NULL, NULL, 1),
(133, '2017-02-21 14:41:43', '2017-02-21 14:41:43', 'Pollero', 'Luciano', '', NULL, '410-8829', NULL, NULL, NULL, NULL, 'M', 2, '', 1, NULL, '', NULL, NULL, 18, 18, NULL, NULL, NULL, NULL, NULL, NULL, 1),
(134, '2017-02-21 14:43:39', '2017-02-21 14:43:39', 'Caballero', 'Francisca', '', NULL, '', NULL, NULL, NULL, NULL, 'F', 1, '', 1, NULL, '', NULL, NULL, 5, 15, NULL, NULL, NULL, NULL, NULL, NULL, 1),
(135, '2017-02-21 14:47:09', '2017-02-21 14:47:09', 'Pelaez', 'Marianela', '', NULL, '221-616-3637', NULL, NULL, NULL, NULL, 'F', 1, '', 1, NULL, '', NULL, NULL, 18, 16, NULL, NULL, NULL, NULL, NULL, NULL, 1),
(136, '2017-02-21 14:49:37', '2017-02-21 14:49:37', 'Cuba', 'Celene', '', NULL, '', NULL, NULL, NULL, NULL, 'F', 2, '', 1, NULL, '', NULL, NULL, 16, 11, NULL, NULL, NULL, NULL, NULL, NULL, 1),
(137, '2017-02-21 14:52:06', '2017-02-21 14:52:06', 'Batalla', 'Angeles', '', NULL, '15-618-5561', NULL, NULL, NULL, NULL, 'F', 2, '', 1, NULL, '', NULL, NULL, 16, 10, NULL, NULL, NULL, NULL, NULL, NULL, 1),
(138, '2017-02-21 15:00:46', '2017-02-21 15:00:46', 'Baña', 'Carlos', '', NULL, '15-651-6550', NULL, NULL, NULL, NULL, 'M', 1, '', 1, NULL, '', NULL, NULL, 14, 6, NULL, NULL, NULL, NULL, NULL, NULL, 1),
(139, '2017-02-21 15:11:53', '2017-02-21 15:11:53', 'Batalla', 'Pablo', '', NULL, '15-503-4739', NULL, NULL, NULL, NULL, 'M', 1, '', 1, NULL, '', NULL, NULL, 8, 10, NULL, NULL, NULL, NULL, NULL, NULL, 1),
(140, '2017-02-21 15:14:26', '2017-02-21 15:14:26', 'Romero', 'Juan', '', NULL, '', NULL, NULL, NULL, NULL, 'M', 1, '', 1, NULL, '', NULL, NULL, 18, 12, NULL, NULL, NULL, NULL, NULL, NULL, 1),
(141, '2017-02-21 15:53:50', '2017-02-21 15:53:50', 'Desousa', 'Sebastian', '', NULL, '221-672-0700', NULL, NULL, NULL, NULL, 'M', 2, '', 1, NULL, '', NULL, NULL, 18, 19, NULL, NULL, NULL, NULL, NULL, NULL, 1),
(142, '2017-02-21 16:06:24', '2017-02-21 16:06:24', 'Galeano', 'Gladis', '186 e/ 516 y 517', NULL, '011-501-96076', NULL, NULL, NULL, NULL, 'F', 1, '', 1, NULL, '', NULL, NULL, 5, 9, NULL, NULL, NULL, NULL, NULL, NULL, 1),
(143, '2017-02-21 16:15:03', '2017-02-21 16:15:03', 'Budia', 'Ricardo', '', NULL, '221-607-5727', NULL, NULL, NULL, NULL, 'M', 2, '', 1, NULL, '', NULL, NULL, 18, 2, NULL, NULL, NULL, NULL, NULL, NULL, 1),
(144, '2017-02-21 16:27:13', '2017-02-21 16:27:13', 'Bogarin', 'Guadalupe', '', NULL, '', NULL, NULL, NULL, NULL, 'F', 2, '', 1, NULL, '', NULL, NULL, 16, 7, NULL, NULL, NULL, NULL, NULL, NULL, 1),
(145, '2017-02-21 16:30:38', '2017-02-21 16:30:38', 'Correa', 'Beatriz', '', NULL, '', NULL, NULL, NULL, NULL, 'F', 1, '', 1, NULL, '', NULL, NULL, 5, 7, NULL, NULL, NULL, NULL, NULL, NULL, 1),
(146, '2017-02-21 16:33:46', '2017-02-21 16:33:46', 'Oliveira', 'Tamara Evelin', '', NULL, '', NULL, NULL, NULL, NULL, 'F', 2, '', 1, NULL, '', NULL, NULL, 18, 7, NULL, NULL, NULL, NULL, NULL, NULL, 1),
(147, '2017-02-21 16:35:45', '2017-02-21 16:35:45', 'Montenegro', 'Sara', '', NULL, '', NULL, NULL, NULL, NULL, 'F', 1, '', 1, NULL, '', NULL, NULL, 5, 10, NULL, NULL, NULL, NULL, NULL, NULL, 1),
(148, '2017-02-21 16:44:33', '2017-02-21 16:44:33', 'Cardozo', 'Antonio', '', NULL, '221-641-5961', NULL, NULL, NULL, NULL, 'F', 1, '', 1, NULL, '', NULL, NULL, 18, 3, NULL, NULL, NULL, NULL, NULL, NULL, 1),
(149, '2017-02-21 16:47:18', '2017-02-21 16:47:18', 'Oliveira', 'Romina', '', NULL, '', NULL, NULL, NULL, NULL, 'F', 1, '', 1, NULL, '', NULL, NULL, 5, 7, NULL, NULL, NULL, NULL, NULL, NULL, 1),
(150, '2017-02-21 16:52:38', '2017-02-21 16:52:38', 'Ferreira', 'Luna', '', NULL, '', NULL, NULL, NULL, NULL, 'F', 2, '', 1, NULL, '', NULL, NULL, 16, 7, NULL, NULL, NULL, NULL, NULL, NULL, 1),
(151, '2017-02-21 16:55:44', '2017-02-21 16:55:44', 'Ocaña', 'Luciano', '', NULL, '', NULL, NULL, NULL, NULL, 'M', 2, '', 1, NULL, '', NULL, NULL, 18, 10, NULL, NULL, NULL, NULL, NULL, NULL, 1),
(152, '2017-02-21 16:57:47', '2017-02-21 16:57:47', 'Carra', 'Tamara', '', NULL, '', NULL, NULL, NULL, NULL, 'F', 2, '', 1, NULL, '', NULL, NULL, 16, 4, NULL, NULL, NULL, NULL, NULL, NULL, 1),
(153, '2017-02-21 17:00:10', '2017-02-21 17:00:10', 'Romero', 'Anabella', '', NULL, '', NULL, NULL, NULL, NULL, 'F', 2, '', 1, NULL, '', NULL, NULL, 10, 12, NULL, NULL, NULL, NULL, NULL, NULL, 1),
(154, '2017-02-21 17:03:15', '2017-02-21 17:03:15', 'Garay', 'Gabriel', '', NULL, '221-319-5366', NULL, NULL, NULL, NULL, 'M', 1, '', 1, NULL, '', NULL, NULL, 18, 7, NULL, NULL, NULL, NULL, NULL, NULL, 1),
(155, '2017-02-21 17:09:27', '2017-02-21 17:09:27', 'Ordoñez', 'Juan', '', NULL, '', NULL, NULL, NULL, NULL, 'M', 2, '', 1, NULL, '', NULL, NULL, 18, 15, NULL, NULL, NULL, NULL, NULL, NULL, 1),
(156, '2017-02-21 17:11:05', '2017-02-21 17:11:05', 'Svriz', 'Rocio', '', NULL, '', NULL, NULL, NULL, NULL, 'F', 1, '', 1, NULL, '', NULL, NULL, 5, 11, NULL, NULL, NULL, NULL, NULL, NULL, 1),
(157, '2017-02-21 17:12:42', '2017-02-21 17:12:42', 'Muñoz', 'Lujana', '', NULL, '588-1587', NULL, NULL, NULL, NULL, 'F', 1, '', 1, NULL, '', NULL, NULL, 5, 2, NULL, NULL, NULL, NULL, NULL, NULL, 1),
(158, '2017-02-21 17:17:44', '2017-02-21 17:17:44', 'Acosta', 'Aylen', '', NULL, '221-356-2694', NULL, NULL, NULL, NULL, 'F', 2, '', 1, NULL, '', NULL, NULL, 18, 12, NULL, NULL, NULL, NULL, NULL, NULL, 1),
(159, '2017-02-21 17:19:13', '2017-02-21 17:19:13', 'Cena', 'Rocio', '', NULL, '', NULL, NULL, NULL, NULL, 'F', 2, '', 1, NULL, '', NULL, NULL, 16, 2, NULL, NULL, NULL, NULL, NULL, NULL, 1),
(160, '2017-02-21 17:22:57', '2017-02-21 17:22:57', 'Benitez', 'Rene', '', NULL, '', NULL, NULL, NULL, NULL, 'M', 1, '', 1, NULL, '', NULL, NULL, 18, 8, NULL, NULL, NULL, NULL, NULL, NULL, 1),
(161, '2017-02-21 17:27:38', '2017-02-21 17:27:38', 'Rodriguez', 'Raul', '', NULL, '452-8205', NULL, NULL, NULL, NULL, 'M', 1, '', 1, NULL, '', NULL, NULL, 20, 10, NULL, NULL, NULL, NULL, NULL, NULL, 1),
(162, '2017-02-21 17:28:39', '2017-02-21 17:28:39', 'Forcado', 'Yeni', '', NULL, '221-625-7515', NULL, NULL, NULL, NULL, 'F', 1, '', 1, NULL, '', NULL, NULL, 13, 10, NULL, NULL, NULL, NULL, NULL, NULL, 1),
(163, '2017-02-21 17:30:58', '2017-02-21 17:30:58', 'Benitez', 'Luciana', '', NULL, '11-306-612-79', NULL, NULL, NULL, NULL, 'F', 2, '', 1, NULL, '', NULL, NULL, 5, 6, NULL, NULL, NULL, NULL, NULL, NULL, 1),
(164, '2017-02-21 17:33:55', '2017-02-21 17:33:55', 'Gongora', 'Diego', '', NULL, '221-609-6795', NULL, NULL, NULL, NULL, 'M', 2, '', 1, NULL, '', NULL, NULL, 18, 10, NULL, NULL, NULL, NULL, NULL, NULL, 1),
(165, '2017-02-21 17:35:15', '2017-02-21 17:35:15', 'Martinez', 'Yonathan', '', NULL, '', NULL, NULL, NULL, NULL, 'M', 2, '', 1, NULL, '', NULL, NULL, 18, 7, NULL, NULL, NULL, NULL, NULL, NULL, 1),
(166, '2017-02-21 17:36:46', '2017-02-21 17:36:46', 'Castillo', 'Fiama', '', NULL, '', NULL, NULL, NULL, NULL, 'F', 2, '', 1, NULL, '', NULL, NULL, 16, 10, NULL, NULL, NULL, NULL, NULL, NULL, 1),
(167, '2017-03-02 16:05:28', '2017-03-02 16:07:58', 'Camacho', 'Mildre', '', NULL, '588-2302', NULL, NULL, NULL, NULL, 'F', 2, '', 1, NULL, '', NULL, NULL, 9, 2, NULL, NULL, NULL, NULL, NULL, NULL, 1),
(169, '2017-03-02 16:09:40', '2017-03-02 16:09:40', 'Perrando', 'Carlos', '', NULL, '484-0182', NULL, NULL, NULL, NULL, 'M', 1, '', 1, NULL, '', NULL, NULL, 18, 16, NULL, NULL, NULL, NULL, NULL, NULL, 1),
(170, '2017-03-02 16:26:46', '2017-03-02 16:26:46', 'Sosa', 'Roberto', '', NULL, '', NULL, NULL, NULL, NULL, 'M', 1, '', 1, NULL, '', NULL, NULL, 18, 10, NULL, NULL, NULL, NULL, NULL, NULL, 1),
(171, '2017-03-02 16:31:23', '2017-03-02 16:31:23', 'Gavilan', 'Ariel', '', NULL, '', NULL, NULL, NULL, NULL, 'M', 1, '', 1, NULL, '', NULL, NULL, 18, 7, NULL, NULL, NULL, NULL, NULL, NULL, 1),
(173, '2017-03-02 16:40:35', '2017-03-02 16:40:35', 'Suarez', 'Libertad', '', NULL, '', NULL, NULL, NULL, NULL, 'F', 2, '', 1, NULL, '', NULL, NULL, 16, 6, NULL, NULL, NULL, NULL, NULL, NULL, 1),
(174, '2017-03-02 16:43:41', '2017-03-02 16:45:41', 'Daza', 'Henry', '', NULL, '221-554-1756', NULL, NULL, NULL, NULL, 'M', 1, '', 1, NULL, '', NULL, NULL, 23, 2, NULL, NULL, NULL, NULL, NULL, NULL, 1),
(175, '2017-03-02 16:55:45', '2017-03-02 16:55:45', 'Miranda', 'Alejandra', '', NULL, '', NULL, NULL, NULL, NULL, 'F', 1, '', 1, NULL, '', NULL, NULL, 5, 12, NULL, NULL, NULL, NULL, NULL, NULL, 1),
(176, '2017-03-02 16:58:13', '2017-03-02 16:58:13', 'Morales', 'Walter', '', NULL, '', NULL, NULL, NULL, NULL, 'M', 2, '', 1, NULL, '', NULL, NULL, 14, 8, NULL, NULL, NULL, NULL, NULL, NULL, 1),
(177, '2017-03-02 17:00:27', '2017-03-02 17:00:27', 'Romero', 'Miguel', '', NULL, '', NULL, NULL, NULL, NULL, 'M', 2, '', 1, NULL, '', NULL, NULL, 16, 12, NULL, NULL, NULL, NULL, NULL, NULL, 1),
(178, '2017-03-02 17:03:20', '2017-03-02 17:03:20', 'Ramirez', 'Rolando', '', NULL, '221-675-6378', NULL, NULL, NULL, NULL, 'M', 1, '', 1, NULL, '', NULL, NULL, 18, 3, NULL, NULL, NULL, NULL, NULL, NULL, 1),
(179, '2017-03-02 17:24:54', '2017-03-02 17:24:54', 'Carra', 'Gabriel', '521 E/ 117 Y 118', NULL, '221-641-4549', NULL, NULL, NULL, NULL, 'M', 2, '', 1, NULL, '', NULL, NULL, 16, 4, NULL, NULL, NULL, NULL, NULL, NULL, 1),
(180, '2017-03-02 17:28:47', '2017-03-02 17:28:47', 'Emilia', 'Maria', '', NULL, '221-597-7496', NULL, NULL, NULL, NULL, 'F', 1, '', 1, NULL, '', NULL, NULL, 5, 3, NULL, NULL, NULL, NULL, NULL, NULL, 1),
(181, '2017-03-14 16:07:14', '2017-03-14 16:07:14', 'Alonzo', 'Cristina', '', NULL, '', NULL, NULL, NULL, NULL, 'F', 2, '', 1, NULL, '', NULL, NULL, 20, 18, NULL, NULL, NULL, NULL, NULL, NULL, 1),
(182, '2017-03-14 16:19:18', '2017-03-14 16:19:18', 'Salteño', 'Marta', '', NULL, '221-318-7065', NULL, NULL, NULL, NULL, 'M', 1, '', 1, NULL, '', NULL, NULL, 5, 7, NULL, NULL, NULL, NULL, NULL, NULL, 1),
(183, '2017-03-14 16:21:08', '2017-03-14 16:21:08', 'Espinosa', 'Yolanda', '', NULL, '490-5719', NULL, NULL, NULL, NULL, 'F', 2, '', 1, NULL, '', NULL, NULL, 5, 18, NULL, NULL, NULL, NULL, NULL, NULL, 1),
(184, '2017-03-14 16:27:09', '2017-03-14 16:27:09', 'Rudas', 'Aurelia ', '', NULL, '486-2676', NULL, NULL, NULL, NULL, 'F', 1, '', 1, NULL, '', NULL, NULL, 5, 7, NULL, NULL, NULL, NULL, NULL, NULL, 1),
(185, '2017-03-14 16:58:40', '2017-03-14 16:58:40', 'Guzman', 'Ariel', '', NULL, '221-353-7719', NULL, NULL, NULL, NULL, 'M', 1, '', 1, NULL, '', NULL, NULL, 18, 19, NULL, NULL, NULL, NULL, NULL, NULL, 1),
(186, '2017-03-14 17:02:13', '2017-03-14 17:02:13', 'Mamani', 'Elizabet', '', NULL, '', NULL, NULL, NULL, NULL, 'F', 2, '', 1, NULL, '', NULL, NULL, 5, 2, NULL, NULL, NULL, NULL, NULL, NULL, 1),
(187, '2017-03-14 17:17:43', '2017-03-14 17:17:43', 'Schramm', 'Eliseo', '', NULL, '', NULL, NULL, NULL, NULL, 'M', 2, '', 1, NULL, '', NULL, NULL, 2, 8, NULL, NULL, NULL, NULL, NULL, NULL, 1),
(188, '2017-03-14 17:20:53', '2017-03-14 17:20:53', 'Reinaldi', 'Sebastian', '', NULL, '', NULL, NULL, NULL, NULL, 'M', 1, '', 1, NULL, '', NULL, NULL, 4, 16, NULL, NULL, NULL, NULL, NULL, NULL, 1),
(189, '2017-03-14 17:23:15', '2017-03-14 17:23:15', 'Reinaldi', 'Alejandra', '', NULL, '', NULL, NULL, NULL, NULL, 'F', 1, '', 1, NULL, '', NULL, NULL, 5, 21, NULL, NULL, NULL, NULL, NULL, NULL, 1),
(190, '2017-03-14 17:31:28', '2017-03-14 17:31:28', 'Bood', 'Maria Elena', '', NULL, '', NULL, NULL, NULL, NULL, 'F', 2, '', 1, NULL, '', NULL, NULL, 5, 8, NULL, NULL, NULL, NULL, NULL, NULL, 1),
(191, '2017-03-14 17:44:23', '2017-03-14 17:44:23', 'Bernal', 'Javier', '', NULL, '', NULL, NULL, NULL, NULL, 'M', 1, '', 1, NULL, '', NULL, NULL, 18, 3, NULL, NULL, NULL, NULL, NULL, NULL, 1),
(192, '2017-03-14 17:49:04', '2017-03-14 17:49:04', 'Daza', 'Geraldina', '', NULL, '221-548-4557', NULL, NULL, NULL, NULL, 'F', 1, '', 1, NULL, '', NULL, NULL, 11, 2, NULL, NULL, NULL, NULL, NULL, NULL, 1),
(193, '2017-03-14 18:09:20', '2017-03-14 18:09:20', 'Saavedra', 'Hilda', '', NULL, '221-631-0054', NULL, NULL, NULL, NULL, 'F', 1, '', 1, NULL, '', NULL, NULL, 5, 15, NULL, NULL, NULL, NULL, NULL, NULL, 1),
(194, '2017-03-14 18:18:25', '2017-03-14 18:18:25', 'Negrette', 'Daniel', '', NULL, '221-505-2160', NULL, NULL, NULL, NULL, 'M', 2, '', 1, NULL, '', NULL, NULL, 16, 6, NULL, NULL, NULL, NULL, NULL, NULL, 1),
(195, '2017-03-14 18:24:24', '2017-03-14 18:24:24', 'Mercado', 'Teresa', '', NULL, '', NULL, NULL, NULL, NULL, 'F', 1, '', 1, NULL, '', NULL, NULL, 5, 3, NULL, NULL, NULL, NULL, NULL, NULL, 1),
(196, '2017-03-14 18:28:01', '2017-03-14 18:28:01', 'Carbajal', 'Victor', '', NULL, '', NULL, NULL, NULL, NULL, 'M', 1, '', 1, NULL, '', NULL, NULL, 18, 4, NULL, NULL, NULL, NULL, NULL, NULL, 1),
(197, '2017-03-14 18:33:17', '2017-03-14 18:33:17', 'Puccio', 'Amalia', '', NULL, '588-1205', NULL, NULL, NULL, NULL, 'F', 1, '', 1, NULL, '', NULL, NULL, 5, 4, NULL, NULL, NULL, NULL, NULL, NULL, 1),
(198, '2017-03-14 18:43:30', '2017-03-25 01:04:26', 'Gomez', 'Mariana ', '', NULL, '221-358-9877', NULL, NULL, NULL, NULL, 'M', 1, '', 1, NULL, '', NULL, NULL, 18, 3, NULL, NULL, NULL, NULL, NULL, NULL, 1),
(199, '2017-03-14 18:48:16', '2017-03-14 18:48:16', 'Zarate', 'Domingo', '', NULL, '', NULL, NULL, NULL, NULL, 'M', 1, '', 1, NULL, '', NULL, NULL, 18, 18, NULL, NULL, NULL, NULL, NULL, NULL, 1),
(200, '2017-03-14 18:50:05', '2017-03-14 18:50:05', 'Zarate', 'Delia', '', NULL, '', NULL, NULL, NULL, NULL, 'F', 1, '', 1, NULL, '', NULL, NULL, 5, 18, NULL, NULL, NULL, NULL, NULL, NULL, 1),
(201, '2017-03-14 19:12:30', '2017-03-14 19:12:30', 'Duarte', 'Jana', '', NULL, '', NULL, NULL, NULL, NULL, 'F', 2, '', 1, NULL, '', NULL, NULL, 16, 4, NULL, NULL, NULL, NULL, NULL, NULL, 1),
(202, '2017-03-14 19:28:16', '2017-03-14 19:28:16', 'Gonzalez', 'Gabriela', '', NULL, '221-354-5339', NULL, NULL, '2017-10-09', NULL, 'F', 1, '', 1, NULL, '', NULL, NULL, 9, 9, NULL, NULL, NULL, NULL, NULL, NULL, 1),
(203, '2017-03-14 19:30:29', '2017-03-14 19:30:29', 'Angeloff', 'Maira', '', NULL, '221-672-1322', NULL, NULL, NULL, NULL, 'F', 2, '', 1, NULL, '', NULL, NULL, 5, 4, NULL, NULL, NULL, NULL, NULL, NULL, 1),
(204, '2017-03-14 19:32:09', '2017-03-14 19:32:09', 'Romero', 'Susana', '', NULL, '', NULL, NULL, NULL, NULL, 'F', 1, '', 1, NULL, '', NULL, NULL, 18, 12, NULL, NULL, NULL, NULL, NULL, NULL, 1),
(205, '2017-03-14 19:35:38', '2017-03-14 19:35:38', 'Reynoso', 'Rosi', '', NULL, '', NULL, NULL, NULL, NULL, 'F', 1, '', 1, NULL, '', NULL, NULL, 19, 18, NULL, NULL, NULL, NULL, NULL, NULL, 1),
(206, '2017-03-14 20:00:51', '2017-03-14 20:00:51', 'Carra', 'Rebeca', '', NULL, '', NULL, NULL, NULL, NULL, 'F', 2, '', 1, NULL, '', NULL, NULL, 16, 4, NULL, NULL, NULL, NULL, NULL, NULL, 1),
(207, '2017-03-23 17:06:54', '2017-03-23 17:06:54', 'Capurro', 'Marisa Lorena', '', NULL, '221-590-7782', NULL, NULL, NULL, NULL, 'F', 1, '', 1, NULL, '', NULL, NULL, 5, 6, NULL, NULL, NULL, NULL, NULL, NULL, 1),
(208, '2017-03-23 17:13:04', '2017-03-23 17:13:04', 'Chamorro', 'Itati', '', NULL, '491-7378', NULL, NULL, NULL, NULL, 'F', 2, '', 1, NULL, '', NULL, NULL, 8, 18, NULL, NULL, NULL, NULL, NULL, NULL, 1),
(209, '2017-03-23 18:12:33', '2017-03-23 18:12:33', 'Bravo', 'Marcelo', '', NULL, '', NULL, NULL, NULL, NULL, 'M', 1, '', 1, NULL, '', NULL, NULL, 18, 19, NULL, NULL, NULL, NULL, NULL, NULL, 2),
(210, '2017-03-24 14:44:36', '2017-03-24 14:44:36', 'Furnel', 'Braian', '', NULL, '', NULL, NULL, NULL, NULL, 'M', 2, '', 1, NULL, '', NULL, NULL, 16, 7, NULL, NULL, NULL, NULL, NULL, NULL, 1),
(211, '2017-03-24 14:48:23', '2017-03-24 14:48:23', 'Bravo', 'Marcelo', '', NULL, '', NULL, NULL, NULL, NULL, 'M', 1, '', 1, NULL, '', NULL, NULL, 18, 19, NULL, NULL, NULL, NULL, NULL, NULL, 1),
(212, '2017-03-24 15:02:39', '2017-03-24 15:02:39', 'Benitez', 'Raul ', '', NULL, '221-319-0215', NULL, NULL, NULL, NULL, 'M', 1, '', 1, NULL, '', NULL, NULL, 18, 15, NULL, NULL, NULL, NULL, NULL, NULL, 1),
(213, '2017-03-24 15:03:38', '2017-03-24 15:03:38', 'Benitez', 'Ana', '', NULL, '221-319-0215', NULL, NULL, NULL, NULL, 'F', 1, '', 1, NULL, '', NULL, NULL, 5, 15, NULL, NULL, NULL, NULL, NULL, NULL, 1),
(214, '2017-03-24 15:17:35', '2017-03-24 15:17:35', 'Cantero', 'Gustavo Ariel', '', NULL, '', NULL, NULL, NULL, NULL, 'M', 2, '', 1, NULL, '', NULL, NULL, 18, 4, NULL, NULL, NULL, NULL, NULL, NULL, 1),
(215, '2017-03-24 15:22:40', '2017-03-24 15:22:40', 'Galeano', 'Rosa Mabel', '', NULL, '+595-994-325-519', NULL, NULL, NULL, NULL, 'F', 2, '', 1, NULL, '', NULL, NULL, 8, 9, NULL, NULL, NULL, NULL, NULL, NULL, 1),
(216, '2017-03-24 15:24:31', '2017-03-24 15:24:31', 'Antunez', 'Lautaro', '', NULL, '458-9719', NULL, NULL, NULL, NULL, 'M', 2, '', 1, NULL, '', NULL, NULL, 18, 7, NULL, NULL, NULL, NULL, NULL, NULL, 1),
(217, '2017-03-24 15:26:55', '2017-03-24 15:26:55', 'Daza', 'Jairo', '', NULL, '', NULL, NULL, NULL, NULL, 'M', 2, '', 1, NULL, '', NULL, NULL, 16, 2, NULL, NULL, NULL, NULL, NULL, NULL, 1),
(218, '2017-03-24 15:30:09', '2017-03-24 15:30:09', 'Tonil', 'Gladys', '', NULL, '221-434-4280', NULL, NULL, NULL, NULL, 'F', 2, '', 1, NULL, '', NULL, NULL, 18, 4, NULL, NULL, NULL, NULL, NULL, NULL, 1),
(219, '2017-03-24 15:45:29', '2017-03-24 15:45:29', 'Bravo', 'Yamila', '', NULL, '221-669-3785', NULL, NULL, NULL, NULL, 'F', 1, '', 1, NULL, '', NULL, NULL, 5, 19, NULL, NULL, NULL, NULL, NULL, NULL, 1),
(220, '2017-03-24 15:58:41', '2017-03-24 15:58:41', 'Burgos', 'Nahuel', '', NULL, '221-352-3700', NULL, NULL, NULL, NULL, 'M', 2, '', 1, NULL, '', NULL, NULL, 16, 10, NULL, NULL, NULL, NULL, NULL, NULL, 1),
(221, '2017-03-24 16:00:18', '2017-03-24 16:00:18', 'Carra', 'Hossana', '', NULL, '221-679-1325', NULL, NULL, NULL, NULL, 'F', 2, '', 1, NULL, '', NULL, NULL, 16, 6, NULL, NULL, NULL, NULL, NULL, NULL, 1),
(222, '2017-03-24 16:30:54', '2017-03-24 16:30:54', 'Molina', 'Erica', '', NULL, '', NULL, NULL, NULL, NULL, 'F', 2, '', 1, NULL, '', NULL, NULL, 18, 3, NULL, NULL, NULL, NULL, NULL, NULL, 1),
(223, '2017-03-24 16:32:55', '2017-03-24 16:32:55', 'Orellano', 'Paola', '', NULL, '15-409-3001', NULL, NULL, NULL, NULL, 'F', 1, '', 1, NULL, '', NULL, NULL, 5, 10, NULL, NULL, NULL, NULL, NULL, NULL, 1),
(224, '2017-03-24 17:15:43', '2017-03-24 17:15:43', 'Jacquet', 'Josue', '', NULL, '', NULL, NULL, NULL, NULL, 'M', 2, '', 1, NULL, '', NULL, NULL, 18, 4, NULL, NULL, NULL, NULL, NULL, NULL, 1),
(225, '2017-03-24 17:22:54', '2017-03-24 17:22:54', 'Guevara', 'Natalia', '', NULL, '', NULL, NULL, NULL, NULL, 'F', 1, '', 1, NULL, '', NULL, NULL, 5, 7, NULL, NULL, NULL, NULL, NULL, NULL, 1),
(226, '2017-03-24 17:26:54', '2017-03-24 17:26:54', 'Quiroga', 'Nelida', '', NULL, '', NULL, NULL, NULL, NULL, 'F', 1, '', 1, NULL, '', NULL, NULL, 18, 15, NULL, NULL, NULL, NULL, NULL, NULL, 1),
(227, '2017-03-24 17:28:39', '2017-03-24 17:28:39', 'Castro', 'Cristian', '', NULL, '', NULL, NULL, NULL, NULL, 'M', 1, '', 1, NULL, '', NULL, NULL, 18, 14, NULL, NULL, NULL, NULL, NULL, NULL, 1),
(228, '2017-03-24 17:30:25', '2017-03-24 17:30:25', 'Colavita', 'Sandra', '', NULL, '', NULL, NULL, NULL, NULL, 'F', 1, '', 1, NULL, '', NULL, NULL, 5, 6, NULL, NULL, NULL, NULL, NULL, NULL, 1),
(229, '2017-03-24 17:56:24', '2017-03-24 17:56:24', 'Fernandez', 'Paz', '', NULL, '', NULL, NULL, NULL, NULL, 'F', 2, '', 1, NULL, '', NULL, NULL, 16, 7, NULL, NULL, NULL, NULL, NULL, NULL, 1),
(230, '2017-03-24 18:00:43', '2017-03-24 18:00:43', 'Tocho', 'Camila', '', NULL, '478-0574', NULL, NULL, NULL, NULL, 'F', 2, '', 1, NULL, '', NULL, NULL, 16, 18, NULL, NULL, NULL, NULL, NULL, NULL, 1),
(231, '2017-03-24 18:05:53', '2017-03-24 18:05:53', 'Fernandez', 'Luz', '', NULL, '', NULL, NULL, NULL, NULL, 'F', 2, '', 1, NULL, '', NULL, NULL, 18, 7, NULL, NULL, NULL, NULL, NULL, NULL, 1),
(232, '2017-03-24 18:07:19', '2017-03-24 18:07:19', 'Fernandez', 'Gabriel', '', NULL, '', NULL, NULL, NULL, NULL, 'M', 2, '', 1, NULL, '', NULL, NULL, 16, 7, NULL, NULL, NULL, NULL, NULL, NULL, 1),
(233, '2017-03-24 18:08:41', '2017-03-24 18:08:41', 'Fernandez', 'Franco', '', NULL, '221-579-4969', NULL, NULL, NULL, NULL, 'M', 2, '', 1, NULL, '', NULL, NULL, 16, 7, NULL, NULL, NULL, NULL, NULL, NULL, 1),
(234, '2017-03-24 18:12:31', '2017-03-24 18:12:31', 'Romero', 'Noemi', '', NULL, '', NULL, NULL, NULL, NULL, 'F', 1, '', 1, NULL, '', NULL, NULL, 5, 12, NULL, NULL, NULL, NULL, NULL, NULL, 1),
(235, '2017-03-24 18:15:09', '2017-03-24 18:15:09', 'Furnel', 'Sabrina', '', NULL, '', NULL, NULL, NULL, NULL, 'F', 2, '', 1, NULL, '', NULL, NULL, 16, 7, NULL, NULL, NULL, NULL, NULL, NULL, 1),
(236, '2017-03-24 18:18:58', '2017-03-24 18:18:58', 'Camacho', 'Daiana', '', NULL, '221-673-0378', NULL, NULL, NULL, NULL, 'F', 2, '', 1, NULL, '', NULL, NULL, 16, 2, NULL, NULL, NULL, NULL, NULL, NULL, 1),
(237, '2017-03-24 18:22:17', '2017-03-24 18:22:17', 'Fernandez', 'Lucas', '', NULL, '', NULL, NULL, NULL, NULL, 'M', 2, '', 1, NULL, '', NULL, NULL, 16, 7, NULL, NULL, NULL, NULL, NULL, NULL, 1),
(238, '2017-03-24 18:58:56', '2017-03-24 18:58:56', 'Rodriguez', 'Maria', '', NULL, '457-6782', NULL, NULL, NULL, NULL, 'F', 1, '', 1, NULL, '', NULL, NULL, 5, 10, NULL, NULL, NULL, NULL, NULL, NULL, 1),
(239, '2017-03-24 19:04:51', '2017-03-24 19:04:51', 'Conte', 'Betty', '', NULL, '', NULL, NULL, NULL, NULL, 'F', 1, '', 1, NULL, '', NULL, NULL, 5, 18, NULL, NULL, NULL, NULL, NULL, NULL, 1),
(240, '2017-03-24 19:23:27', '2017-03-24 19:23:27', 'Maiale', 'Gustavo', '', NULL, '011-501-96076', NULL, NULL, NULL, NULL, 'M', 1, '', 1, NULL, '', NULL, NULL, 8, 9, NULL, NULL, NULL, NULL, NULL, NULL, 1),
(241, '2017-03-24 19:28:36', '2017-03-24 19:28:36', 'Aguilar', 'Nicolas', '', NULL, '221-568-8106', NULL, NULL, NULL, NULL, 'M', 2, '', 1, NULL, '', NULL, NULL, 18, 4, NULL, NULL, NULL, NULL, NULL, NULL, 1),
(242, '2017-03-24 19:58:03', '2017-03-24 19:58:03', 'Cordoba', 'Mariela', '', NULL, '15-507-2362', NULL, NULL, NULL, NULL, 'F', 1, '', 1, NULL, '', NULL, NULL, 18, 7, NULL, NULL, NULL, NULL, NULL, NULL, 1),
(243, '2017-03-24 20:03:24', '2017-03-24 20:03:24', 'Hermosilla', 'Juan', '', NULL, '', NULL, NULL, NULL, NULL, 'M', 1, '', 1, NULL, '', NULL, NULL, 9, 18, NULL, NULL, NULL, NULL, NULL, NULL, 1),
(244, '2017-03-24 20:19:14', '2017-03-24 20:19:14', 'Arce', 'Belen', '', NULL, '221-318-1961', NULL, NULL, NULL, NULL, 'F', 2, '', 1, NULL, '', NULL, NULL, 16, 18, NULL, NULL, NULL, NULL, NULL, NULL, 1),
(245, '2017-03-25 00:10:33', '2017-03-25 00:10:33', 'Reinoso', 'Daniel', '', NULL, '', NULL, NULL, NULL, NULL, 'M', 1, '', 1, NULL, '', NULL, NULL, 8, 18, NULL, NULL, NULL, NULL, NULL, NULL, 1),
(246, '2017-03-25 00:14:40', '2017-03-25 00:17:00', 'Duarte', 'Pastor Alfredo', '', NULL, '595-991-893-923', NULL, NULL, NULL, NULL, 'M', 1, '', 1, NULL, '', NULL, NULL, 6, 22, NULL, NULL, NULL, NULL, NULL, NULL, 1),
(247, '2017-03-25 00:43:39', '2017-03-25 00:43:39', 'Jacquet', 'Valeria', '', NULL, '221-310-6503', NULL, NULL, NULL, NULL, 'F', 1, '', 1, NULL, '', NULL, NULL, 5, 4, NULL, NULL, NULL, NULL, NULL, NULL, 1),
(248, '2017-03-25 00:44:17', '2017-03-25 00:44:17', 'Ocaña', 'Mia', '', NULL, '', NULL, NULL, NULL, NULL, 'F', 2, '', 1, NULL, '', NULL, NULL, 16, 10, NULL, NULL, NULL, NULL, NULL, NULL, 1),
(249, '2017-03-25 00:48:52', '2017-03-25 00:48:52', 'Tocho', 'Rebeca', '', NULL, '', NULL, NULL, NULL, NULL, 'F', 1, '', 1, NULL, '', NULL, NULL, 15, 18, NULL, NULL, NULL, NULL, NULL, NULL, 1),
(250, '2017-03-25 00:52:25', '2017-03-25 00:52:25', 'Colavita', 'Brisa ', '', NULL, '', NULL, NULL, NULL, NULL, 'F', 2, '', 1, NULL, '', NULL, NULL, 16, 6, NULL, NULL, NULL, NULL, NULL, NULL, 1),
(251, '2017-03-25 01:02:14', '2017-03-25 01:02:14', 'Carrasco', 'Claudia', '', NULL, '221-599-9616', NULL, NULL, NULL, NULL, 'F', 1, '', 1, NULL, '', NULL, NULL, 18, 6, NULL, NULL, NULL, NULL, NULL, NULL, 1),
(252, '2017-05-02 17:32:17', '2017-05-02 17:32:17', 'Fernandez', 'Malena', '', NULL, '221-613-376', NULL, NULL, NULL, NULL, 'F', 2, '', 1, NULL, '', NULL, NULL, 16, 15, NULL, NULL, NULL, NULL, NULL, NULL, 1),
(253, '2017-05-02 17:38:44', '2017-05-02 17:38:44', 'Fredes', 'Alejandra', '', NULL, '588-1414', NULL, NULL, NULL, NULL, 'F', 1, '', 1, NULL, '', NULL, NULL, 5, 2, NULL, NULL, NULL, NULL, NULL, NULL, 1),
(254, '2017-05-02 17:43:13', '2017-05-02 17:43:13', 'Merlo', 'Agustin ', '', NULL, '221-661-5111', NULL, NULL, NULL, NULL, 'M', 2, '', 1, NULL, '', NULL, NULL, 16, 10, NULL, NULL, NULL, NULL, NULL, NULL, 1),
(255, '2017-05-02 17:45:27', '2017-05-02 17:45:27', 'Merlo', 'Maria Jose', '', NULL, '221-307-2561', NULL, NULL, NULL, NULL, 'F', 1, '', 1, NULL, '', NULL, NULL, 18, 10, NULL, NULL, NULL, NULL, NULL, NULL, 1),
(256, '2017-05-02 17:55:58', '2017-05-02 17:55:58', 'Mancilla', 'Mauricio', '', NULL, '221-501-7469', NULL, NULL, NULL, NULL, 'M', 1, '', 1, NULL, '', NULL, NULL, 18, 19, NULL, NULL, NULL, NULL, NULL, NULL, 1),
(257, '2017-05-02 18:39:18', '2017-05-02 18:39:18', 'Portales', 'Daniel', '', NULL, '221-411-9123', NULL, NULL, NULL, NULL, 'M', 1, '', 1, NULL, '', NULL, NULL, 18, 18, NULL, NULL, NULL, NULL, NULL, NULL, 1),
(258, '2017-05-02 20:36:03', '2017-05-02 20:36:03', 'Cardozo', 'Eligia ', '', NULL, '460-0614', NULL, NULL, NULL, NULL, 'F', 1, '', 1, NULL, '', NULL, NULL, 18, 12, NULL, NULL, NULL, NULL, NULL, NULL, 1),
(259, '2017-05-02 20:42:29', '2017-05-02 20:42:29', 'Daza', 'Nadia', '', NULL, '', NULL, NULL, NULL, NULL, 'F', 1, '', 1, NULL, '', NULL, NULL, 5, 20, NULL, NULL, NULL, NULL, NULL, NULL, 1),
(260, '2017-05-02 20:45:13', '2017-05-02 20:45:13', 'Batalla', 'Luna', '', NULL, '588-2050', NULL, NULL, NULL, NULL, 'F', 2, '', 1, NULL, '', NULL, NULL, 16, 10, NULL, NULL, NULL, NULL, NULL, NULL, 1),
(261, '2017-05-03 16:28:01', '2017-05-03 16:28:01', 'Arena', 'Andrea', '', NULL, '', NULL, NULL, NULL, NULL, 'F', 1, '', 1, NULL, '', NULL, NULL, 5, 18, NULL, NULL, NULL, NULL, NULL, NULL, 1),
(262, '2017-05-03 16:47:29', '2017-05-03 16:47:29', 'Pini', 'Brenda', '', NULL, '', NULL, NULL, NULL, NULL, 'F', 1, '', 1, NULL, '', NULL, NULL, 5, 18, NULL, NULL, NULL, NULL, NULL, NULL, 1),
(263, '2017-05-03 17:00:17', '2017-05-03 17:00:17', 'Cardozo', 'Viviana', '', NULL, '221-570-7950', NULL, NULL, NULL, NULL, 'F', 1, '', 1, NULL, '', NULL, NULL, 5, 19, NULL, NULL, NULL, NULL, NULL, NULL, 1);
INSERT INTO `personas` (`id`, `created_at`, `updated_at`, `apellido`, `nombre`, `direccion`, `location`, `telefono1`, `telefono2`, `telefono3`, `fecha_de_nacimiento`, `fecha_de_fallecimiento`, `sexo`, `estado_civil`, `observaciones`, `activo`, `foto`, `email`, `idioma_nativo_id`, `categoria_id`, `ocupacion_id`, `territorio_id`, `conyugue_id`, `padre_id`, `madre_id`, `hijo_id`, `hija_id`, `mentor_id`, `iglesia_id`) VALUES
(264, '2017-05-03 17:07:35', '2017-05-03 17:07:35', 'Schramm', 'Humberto', '', NULL, '', NULL, NULL, NULL, NULL, 'M', 1, '', 1, NULL, '', NULL, NULL, 8, 8, NULL, NULL, NULL, NULL, NULL, NULL, 1),
(266, '2017-05-03 17:18:02', '2017-05-03 17:18:02', 'Pereyra', 'Carlos Raul', '', NULL, '221-573-9240', NULL, NULL, NULL, NULL, 'M', 1, '', 1, NULL, '', NULL, NULL, 18, 18, NULL, NULL, NULL, NULL, NULL, NULL, 1),
(267, '2017-05-03 17:28:06', '2017-05-03 17:28:06', 'Escobar', 'Ramona', '', NULL, '588-2242', NULL, NULL, NULL, NULL, 'F', 1, '', 1, NULL, '', NULL, NULL, 5, 6, NULL, NULL, NULL, NULL, NULL, NULL, 1),
(268, '2017-05-03 17:37:01', '2017-05-03 17:37:01', 'Villalba', 'Nathan', '', NULL, '221-618-9970', NULL, NULL, NULL, NULL, 'M', 2, '', 1, NULL, '', NULL, NULL, 16, 19, NULL, NULL, NULL, NULL, NULL, NULL, 1),
(269, '2017-05-03 17:38:33', '2017-05-03 17:38:33', 'Villalba', 'Anastasia', '', NULL, '221-618-9970', NULL, NULL, NULL, NULL, 'F', 2, '', 1, NULL, '', NULL, NULL, 18, 19, NULL, NULL, NULL, NULL, NULL, NULL, 1),
(270, '2017-05-03 17:40:07', '2017-05-03 17:40:07', 'Villalba', 'Ema', '', NULL, '221-506-1948', NULL, NULL, NULL, NULL, 'F', 2, '', 1, NULL, '', NULL, NULL, 16, 19, NULL, NULL, NULL, NULL, NULL, NULL, 1),
(271, '2017-05-03 18:02:03', '2017-05-03 18:02:03', 'Lopez', 'Malena', '', NULL, '', NULL, NULL, NULL, NULL, 'F', 2, '', 1, NULL, '', NULL, NULL, 5, 7, NULL, NULL, NULL, NULL, NULL, NULL, 1),
(272, '2017-05-03 18:11:04', '2017-05-03 18:11:04', 'Cisneros', 'Gricelda', '', NULL, '221-615-0590', NULL, NULL, NULL, NULL, 'F', 1, '', 1, NULL, '', NULL, NULL, 5, 15, NULL, NULL, NULL, NULL, NULL, NULL, 1),
(273, '2017-05-03 18:36:43', '2017-05-03 18:36:43', 'Duarte', 'Joel', '', NULL, '', NULL, NULL, NULL, NULL, 'M', 2, '', 1, NULL, '', NULL, NULL, 16, 22, NULL, NULL, NULL, NULL, NULL, NULL, 1),
(274, '2017-05-03 18:38:36', '2017-05-03 18:38:36', 'Duarte', 'Pastora Laura', '', NULL, '', NULL, NULL, NULL, NULL, 'F', 1, '', 1, NULL, '', NULL, NULL, 6, 22, NULL, NULL, NULL, NULL, NULL, NULL, 1),
(275, '2017-05-03 18:40:16', '2017-05-03 18:40:16', 'Furnel', 'Karen', '', NULL, '221-636-4629', NULL, NULL, NULL, NULL, 'F', 1, '', 1, NULL, '', NULL, NULL, 5, 7, NULL, NULL, NULL, NULL, NULL, NULL, 1),
(276, '2017-05-03 18:45:39', '2017-05-03 18:45:39', 'Ortiz', 'Andrea', '', NULL, '221-606-9903', NULL, NULL, NULL, NULL, 'F', 1, '', 1, NULL, '', NULL, NULL, 5, 15, NULL, NULL, NULL, NULL, NULL, NULL, 1),
(277, '2017-05-03 18:50:06', '2017-05-03 18:50:06', 'Fernandez', 'Noelia', '', NULL, '', NULL, NULL, NULL, NULL, 'F', 1, '', 1, NULL, '', NULL, NULL, 18, 3, NULL, NULL, NULL, NULL, NULL, NULL, 1),
(278, '2017-05-03 19:10:39', '2017-05-03 19:10:39', 'Acosta', 'Alan', '', NULL, '486-2673', NULL, NULL, NULL, NULL, 'M', 2, '', 1, NULL, '', NULL, NULL, 18, 7, NULL, NULL, NULL, NULL, NULL, NULL, 1),
(279, '2017-05-03 19:19:19', '2017-05-03 19:19:19', 'Torres', 'Martin', '', NULL, '221-304-2650', NULL, NULL, NULL, NULL, 'M', 1, '', 1, NULL, '', NULL, NULL, 20, 18, NULL, NULL, NULL, NULL, NULL, NULL, 1),
(281, '2017-05-18 16:30:02', '2017-05-18 16:30:02', 'Solis', 'Karina', NULL, NULL, NULL, NULL, NULL, NULL, NULL, NULL, NULL, NULL, 1, NULL, NULL, NULL, NULL, NULL, NULL, NULL, NULL, NULL, NULL, NULL, NULL, 1),
(282, '2017-05-18 17:01:04', '2017-05-18 17:01:04', 'Orellano', 'Emanuel', NULL, NULL, NULL, NULL, NULL, NULL, NULL, NULL, NULL, NULL, 1, NULL, NULL, NULL, NULL, NULL, NULL, NULL, NULL, NULL, NULL, NULL, NULL, 1),
(283, '2017-05-18 17:12:44', '2017-05-18 17:12:44', 'Molina', 'Laura', NULL, NULL, NULL, NULL, NULL, NULL, NULL, NULL, NULL, NULL, 1, NULL, NULL, NULL, NULL, NULL, NULL, NULL, NULL, NULL, NULL, NULL, NULL, 1),
(284, '2017-05-18 18:21:32', '2017-05-18 18:21:32', 'Enrrique', 'Julio', NULL, NULL, NULL, NULL, NULL, NULL, NULL, NULL, NULL, NULL, 1, NULL, NULL, NULL, NULL, NULL, NULL, NULL, NULL, NULL, NULL, NULL, NULL, 1),
(285, '2017-05-18 18:22:39', '2017-05-18 18:22:39', 'Mamani', 'Rosmery', NULL, NULL, NULL, NULL, NULL, NULL, NULL, NULL, NULL, NULL, 1, NULL, NULL, NULL, NULL, NULL, NULL, NULL, NULL, NULL, NULL, NULL, NULL, 1),
(286, '2017-05-18 18:24:02', '2017-05-18 18:24:02', 'Quintana', 'Roxana', NULL, NULL, NULL, NULL, NULL, NULL, NULL, NULL, NULL, NULL, 1, NULL, NULL, NULL, NULL, NULL, NULL, NULL, NULL, NULL, NULL, NULL, NULL, 1),
(287, '2017-05-18 18:24:59', '2017-05-18 18:24:59', 'Sosa', 'Elizabet', NULL, NULL, NULL, NULL, NULL, NULL, NULL, NULL, NULL, NULL, 1, NULL, NULL, NULL, NULL, NULL, NULL, NULL, NULL, NULL, NULL, NULL, NULL, 1),
(288, '2017-05-18 18:25:40', '2017-05-18 18:25:40', 'Cruz', 'Edgar', NULL, NULL, NULL, NULL, NULL, NULL, NULL, NULL, NULL, NULL, 1, NULL, NULL, NULL, NULL, NULL, NULL, NULL, NULL, NULL, NULL, NULL, NULL, 1),
(289, '2017-05-18 18:28:34', '2017-05-18 18:28:34', 'Rudas', 'Jesús', NULL, NULL, NULL, NULL, NULL, NULL, NULL, NULL, NULL, NULL, 1, NULL, NULL, NULL, NULL, NULL, NULL, NULL, NULL, NULL, NULL, NULL, NULL, 1),
(290, '2017-05-22 15:33:13', '2017-05-22 15:33:13', 'Dias', 'Sulma', NULL, NULL, NULL, NULL, NULL, NULL, NULL, NULL, NULL, NULL, 1, NULL, NULL, NULL, NULL, NULL, NULL, NULL, NULL, NULL, NULL, NULL, NULL, 1),
(291, '2017-05-22 15:39:08', '2017-05-22 15:39:08', 'Fernandez', 'Marcelo', NULL, NULL, NULL, NULL, NULL, NULL, NULL, NULL, NULL, NULL, 1, NULL, NULL, NULL, NULL, NULL, NULL, NULL, NULL, NULL, NULL, NULL, NULL, 1),
(292, '2017-05-22 15:45:08', '2017-05-22 15:45:08', 'Anderzogem', 'Dario', NULL, NULL, NULL, NULL, NULL, NULL, NULL, NULL, NULL, NULL, 1, NULL, NULL, NULL, NULL, NULL, NULL, NULL, NULL, NULL, NULL, NULL, NULL, 1),
(293, '2017-05-22 15:46:48', '2017-05-22 15:46:48', 'Torrez', 'Maria Alejandra', NULL, NULL, NULL, NULL, NULL, NULL, NULL, NULL, NULL, NULL, 1, NULL, NULL, NULL, NULL, NULL, NULL, NULL, NULL, NULL, NULL, NULL, NULL, 1),
(294, '2017-05-22 15:47:18', '2017-05-22 15:47:18', 'Tolaba', 'Camila', NULL, NULL, NULL, NULL, NULL, NULL, NULL, NULL, NULL, NULL, 1, NULL, NULL, NULL, NULL, NULL, NULL, NULL, NULL, NULL, NULL, NULL, NULL, 1),
(295, '2017-05-22 15:47:58', '2017-05-22 15:47:58', 'Roa', 'Melanie', NULL, NULL, NULL, NULL, NULL, NULL, NULL, NULL, NULL, NULL, 1, NULL, NULL, NULL, NULL, NULL, NULL, NULL, NULL, NULL, NULL, NULL, NULL, 1),
(296, '2017-05-22 15:48:32', '2017-05-22 15:48:32', 'Filpe', 'Kevin', NULL, NULL, NULL, NULL, NULL, NULL, NULL, NULL, NULL, NULL, 1, NULL, NULL, NULL, NULL, NULL, NULL, NULL, NULL, NULL, NULL, NULL, NULL, 1),
(297, '2017-05-22 15:48:55', '2017-05-22 15:48:55', 'Maldonado', 'Sergio', NULL, NULL, NULL, NULL, NULL, NULL, NULL, NULL, NULL, NULL, 1, NULL, NULL, NULL, NULL, NULL, NULL, NULL, NULL, NULL, NULL, NULL, NULL, 1),
(298, '2017-05-22 15:49:25', '2017-05-22 15:49:25', 'Merlo', 'Andres', NULL, NULL, NULL, NULL, NULL, NULL, NULL, NULL, NULL, NULL, 1, NULL, NULL, NULL, NULL, NULL, NULL, NULL, NULL, NULL, NULL, NULL, NULL, 1),
(299, '2017-05-22 15:49:57', '2017-05-22 15:49:57', 'Santos', 'Sergio', NULL, NULL, NULL, NULL, NULL, NULL, NULL, NULL, NULL, NULL, 1, NULL, NULL, NULL, NULL, NULL, NULL, NULL, NULL, NULL, NULL, NULL, NULL, 1),
(300, '2017-05-22 15:50:24', '2017-05-22 15:50:24', 'Alfonzo', 'Santiago', NULL, NULL, NULL, NULL, NULL, NULL, NULL, NULL, NULL, NULL, 1, NULL, NULL, NULL, NULL, NULL, NULL, NULL, NULL, NULL, NULL, NULL, NULL, 1),
(301, '2017-05-22 16:13:41', '2017-05-22 16:13:41', 'Albornoz', 'Rosa', NULL, NULL, NULL, NULL, NULL, NULL, NULL, NULL, NULL, NULL, 1, NULL, NULL, NULL, NULL, NULL, NULL, NULL, NULL, NULL, NULL, NULL, NULL, 1),
(302, '2017-05-22 16:17:32', '2017-05-22 16:17:32', 'Herrero', 'Carlos', NULL, NULL, NULL, NULL, NULL, NULL, NULL, NULL, NULL, NULL, 1, NULL, NULL, NULL, NULL, NULL, NULL, NULL, NULL, NULL, NULL, NULL, NULL, 1),
(303, '2017-05-22 16:20:06', '2017-05-22 16:20:06', 'Romero', 'Lilian Susana', NULL, NULL, NULL, NULL, NULL, NULL, NULL, NULL, NULL, NULL, 1, NULL, NULL, NULL, NULL, NULL, NULL, NULL, NULL, NULL, NULL, NULL, NULL, 1),
(304, '2017-05-22 16:29:24', '2017-05-22 16:29:24', 'Stertel', 'Fabian', NULL, NULL, NULL, NULL, NULL, NULL, NULL, NULL, NULL, NULL, 1, NULL, NULL, NULL, NULL, NULL, NULL, NULL, NULL, NULL, NULL, NULL, NULL, 1),
(305, '2017-05-22 16:30:13', '2017-05-22 16:30:13', 'Carballo', 'Nahuel', NULL, NULL, NULL, NULL, NULL, NULL, NULL, NULL, NULL, NULL, 1, NULL, NULL, NULL, NULL, NULL, NULL, NULL, NULL, NULL, NULL, NULL, NULL, 1),
(306, '2017-05-22 16:40:06', '2017-05-22 16:40:06', 'Casal', 'Leonardo', NULL, NULL, NULL, NULL, NULL, NULL, NULL, NULL, NULL, NULL, 1, NULL, NULL, NULL, NULL, NULL, NULL, NULL, NULL, NULL, NULL, NULL, NULL, 1),
(307, '2017-05-22 16:42:41', '2017-05-22 16:42:41', 'Daza', 'Gianna', NULL, NULL, NULL, NULL, NULL, NULL, NULL, NULL, NULL, NULL, 1, NULL, NULL, NULL, NULL, NULL, NULL, NULL, NULL, NULL, NULL, NULL, NULL, 1),
(308, '2017-05-22 17:20:41', '2017-05-22 17:20:41', 'Diaz', 'Silvia', NULL, NULL, NULL, NULL, NULL, NULL, NULL, NULL, NULL, NULL, 1, NULL, NULL, NULL, NULL, NULL, NULL, NULL, NULL, NULL, NULL, NULL, NULL, 1),
(309, '2017-05-22 17:21:09', '2017-05-22 17:21:09', 'Casco', 'Vanesa', NULL, NULL, NULL, NULL, NULL, NULL, NULL, NULL, NULL, NULL, 1, NULL, NULL, NULL, NULL, NULL, NULL, NULL, NULL, NULL, NULL, NULL, NULL, 1),
(310, '2017-05-22 17:21:50', '2017-05-22 17:21:50', 'Gutierrez', 'Rene Venture', NULL, NULL, NULL, NULL, NULL, NULL, NULL, NULL, NULL, NULL, 1, NULL, NULL, NULL, NULL, NULL, NULL, NULL, NULL, NULL, NULL, NULL, NULL, 1),
(311, '2017-05-22 17:22:15', '2017-05-22 17:22:15', 'Arce', 'Mateo', NULL, NULL, NULL, NULL, NULL, NULL, NULL, NULL, NULL, NULL, 1, NULL, NULL, NULL, NULL, NULL, NULL, NULL, NULL, NULL, NULL, NULL, NULL, 1);

-- --------------------------------------------------------

--
-- Estructura de tabla para la tabla `territorios`
--

CREATE TABLE `territorios` (
  `id` int(10) UNSIGNED NOT NULL,
  `created_at` timestamp NULL DEFAULT NULL,
  `updated_at` timestamp NULL DEFAULT NULL,
  `descripcion` varchar(255) COLLATE utf8_unicode_ci NOT NULL
) ENGINE=InnoDB DEFAULT CHARSET=utf8 COLLATE=utf8_unicode_ci;

--
-- Volcado de datos para la tabla `territorios`
--

INSERT INTO `territorios` (`id`, `created_at`, `updated_at`, `descripcion`) VALUES
(2, '2016-11-19 17:27:15', '2016-11-19 19:43:12', 'Tolosa B'),
(3, '2016-11-19 17:27:44', '2016-11-19 17:27:44', 'Tolosa C'),
(4, '2016-11-19 17:33:26', '2016-11-19 17:33:26', 'Tolosa D'),
(6, '2016-11-19 19:43:21', '2016-11-19 19:43:21', 'Tolosa A'),
(7, '2016-11-20 22:48:12', '2016-11-20 22:48:12', 'Aeropuerto'),
(8, '2016-12-18 18:21:45', '2016-12-18 18:21:45', 'Los Hornos'),
(9, '2016-12-18 18:22:01', '2016-12-18 18:22:01', 'Romero'),
(10, '2016-12-18 18:22:14', '2016-12-18 18:22:14', 'Altos'),
(11, '2016-12-18 18:23:04', '2016-12-18 18:23:04', 'Ringuelet'),
(12, '2016-12-18 18:23:31', '2016-12-18 18:23:31', 'Ensenada'),
(14, '2016-12-18 18:24:48', '2016-12-18 18:24:48', 'Berisso'),
(15, '2016-12-18 18:25:17', '2016-12-18 18:25:17', 'Malvinas'),
(16, '2016-12-18 18:26:15', '2016-12-18 18:26:15', 'El Triunfo'),
(17, '2016-12-18 19:08:19', '2016-12-18 19:08:19', 'Estadio'),
(18, '2017-02-13 15:54:26', '2017-02-13 15:54:26', 'Olmos'),
(19, '2017-02-13 22:49:07', '2017-02-13 22:49:07', 'Gonnet'),
(20, '2017-02-13 23:02:18', '2017-02-13 23:02:18', 'Barrio Norte'),
(21, '2017-03-14 17:22:09', '2017-03-14 17:22:09', 'Hernandez'),
(22, '2017-03-25 00:13:29', '2017-03-25 00:13:29', 'Paraguay'),
(23, '2017-03-25 00:13:42', '2017-03-25 00:13:42', 'ICIA');

-- --------------------------------------------------------

--
-- Estructura de tabla para la tabla `users`
--

CREATE TABLE `users` (
  `id` int(10) UNSIGNED NOT NULL,
  `name` varchar(255) COLLATE utf8_unicode_ci NOT NULL,
  `email` varchar(255) COLLATE utf8_unicode_ci NOT NULL,
  `password` varchar(255) COLLATE utf8_unicode_ci NOT NULL,
  `remember_token` varchar(100) COLLATE utf8_unicode_ci DEFAULT NULL,
  `created_at` timestamp NULL DEFAULT NULL,
  `updated_at` timestamp NULL DEFAULT NULL
) ENGINE=InnoDB DEFAULT CHARSET=utf8 COLLATE=utf8_unicode_ci;

--
-- Volcado de datos para la tabla `users`
--

INSERT INTO `users` (`id`, `name`, `email`, `password`, `remember_token`, `created_at`, `updated_at`) VALUES
(3, 'Administrador', 'admin@salomon.com', '$2y$10$YS21xLBjB8LIIWr1P2O/uu5hjE.OKcu7m46H11L9bEOTIizDLqLHu', 'JTrPKRJEdZtoOaOG5ePx8LUxdpFvyNARitMVXtZiQsjhfIAq4QSLdZsqsO4d', NULL, NULL);

--
-- Índices para tablas volcadas
--

--
-- Indices de la tabla `branches`
--
ALTER TABLE `branches`
  ADD PRIMARY KEY (`id`);

--
-- Indices de la tabla `diezmos`
--
ALTER TABLE `diezmos`
  ADD PRIMARY KEY (`id`);

--
-- Indices de la tabla `edadcategorias`
--
ALTER TABLE `edadcategorias`
  ADD PRIMARY KEY (`id`);

--
-- Indices de la tabla `idiomas`
--
ALTER TABLE `idiomas`
  ADD PRIMARY KEY (`id`);

--
-- Indices de la tabla `iglesias`
--
ALTER TABLE `iglesias`
  ADD PRIMARY KEY (`id`),
  ADD KEY `iglesias_pastor_id_foreign` (`pastor_id`);

--
-- Indices de la tabla `meses`
--
ALTER TABLE `meses`
  ADD PRIMARY KEY (`id`);

--
-- Indices de la tabla `migrations`
--
ALTER TABLE `migrations`
  ADD PRIMARY KEY (`id`);

--
-- Indices de la tabla `ocupaciones`
--
ALTER TABLE `ocupaciones`
  ADD PRIMARY KEY (`id`);

--
-- Indices de la tabla `password_resets`
--
ALTER TABLE `password_resets`
  ADD KEY `password_resets_email_index` (`email`),
  ADD KEY `password_resets_token_index` (`token`);

--
-- Indices de la tabla `personas`
--
ALTER TABLE `personas`
  ADD PRIMARY KEY (`id`),
  ADD KEY `personas_ocupacion_id_foreign` (`ocupacion_id`),
  ADD KEY `personas_territorio_id_foreign` (`territorio_id`),
  ADD KEY `personas_categoria_id_foreign` (`categoria_id`),
  ADD KEY `personas_conyugue_id_foreign` (`conyugue_id`),
  ADD KEY `personas_padre_id_foreign` (`padre_id`),
  ADD KEY `personas_madre_id_foreign` (`madre_id`),
  ADD KEY `personas_hijo_id_foreign` (`hijo_id`),
  ADD KEY `personas_hija_id_foreign` (`hija_id`),
  ADD KEY `personas_mentor_id_foreign` (`mentor_id`);

--
-- Indices de la tabla `territorios`
--
ALTER TABLE `territorios`
  ADD PRIMARY KEY (`id`);

--
-- Indices de la tabla `users`
--
ALTER TABLE `users`
  ADD PRIMARY KEY (`id`),
  ADD UNIQUE KEY `users_email_unique` (`email`);

--
-- AUTO_INCREMENT de las tablas volcadas
--

--
-- AUTO_INCREMENT de la tabla `branches`
--
ALTER TABLE `branches`
  MODIFY `id` int(10) UNSIGNED NOT NULL AUTO_INCREMENT;
--
-- AUTO_INCREMENT de la tabla `diezmos`
--
ALTER TABLE `diezmos`
  MODIFY `id` int(10) UNSIGNED NOT NULL AUTO_INCREMENT, AUTO_INCREMENT=1285;
--
-- AUTO_INCREMENT de la tabla `edadcategorias`
--
ALTER TABLE `edadcategorias`
  MODIFY `id` int(10) UNSIGNED NOT NULL AUTO_INCREMENT, AUTO_INCREMENT=5;
--
-- AUTO_INCREMENT de la tabla `idiomas`
--
ALTER TABLE `idiomas`
  MODIFY `id` int(10) UNSIGNED NOT NULL AUTO_INCREMENT, AUTO_INCREMENT=4;
--
-- AUTO_INCREMENT de la tabla `iglesias`
--
ALTER TABLE `iglesias`
  MODIFY `id` int(10) UNSIGNED NOT NULL AUTO_INCREMENT, AUTO_INCREMENT=3;
--
-- AUTO_INCREMENT de la tabla `meses`
--
ALTER TABLE `meses`
  MODIFY `id` int(10) UNSIGNED NOT NULL AUTO_INCREMENT, AUTO_INCREMENT=13;
--
-- AUTO_INCREMENT de la tabla `migrations`
--
ALTER TABLE `migrations`
  MODIFY `id` int(10) UNSIGNED NOT NULL AUTO_INCREMENT, AUTO_INCREMENT=14;
--
-- AUTO_INCREMENT de la tabla `ocupaciones`
--
ALTER TABLE `ocupaciones`
  MODIFY `id` int(10) UNSIGNED NOT NULL AUTO_INCREMENT, AUTO_INCREMENT=24;
--
-- AUTO_INCREMENT de la tabla `personas`
--
ALTER TABLE `personas`
  MODIFY `id` int(10) UNSIGNED NOT NULL AUTO_INCREMENT, AUTO_INCREMENT=312;
--
-- AUTO_INCREMENT de la tabla `territorios`
--
ALTER TABLE `territorios`
  MODIFY `id` int(10) UNSIGNED NOT NULL AUTO_INCREMENT, AUTO_INCREMENT=24;
--
-- AUTO_INCREMENT de la tabla `users`
--
ALTER TABLE `users`
  MODIFY `id` int(10) UNSIGNED NOT NULL AUTO_INCREMENT, AUTO_INCREMENT=4;
--
-- Restricciones para tablas volcadas
--

--
-- Filtros para la tabla `iglesias`
--
ALTER TABLE `iglesias`
  ADD CONSTRAINT `iglesias_pastor_id_foreign` FOREIGN KEY (`pastor_id`) REFERENCES `personas` (`id`);

--
-- Filtros para la tabla `personas`
--
ALTER TABLE `personas`
  ADD CONSTRAINT `personas_categoria_id_foreign` FOREIGN KEY (`categoria_id`) REFERENCES `edadcategorias` (`id`),
  ADD CONSTRAINT `personas_conyugue_id_foreign` FOREIGN KEY (`conyugue_id`) REFERENCES `personas` (`id`),
  ADD CONSTRAINT `personas_hija_id_foreign` FOREIGN KEY (`hija_id`) REFERENCES `personas` (`id`),
  ADD CONSTRAINT `personas_hijo_id_foreign` FOREIGN KEY (`hijo_id`) REFERENCES `personas` (`id`),
  ADD CONSTRAINT `personas_madre_id_foreign` FOREIGN KEY (`madre_id`) REFERENCES `personas` (`id`),
  ADD CONSTRAINT `personas_mentor_id_foreign` FOREIGN KEY (`mentor_id`) REFERENCES `personas` (`id`),
  ADD CONSTRAINT `personas_ocupacion_id_foreign` FOREIGN KEY (`ocupacion_id`) REFERENCES `ocupaciones` (`id`),
  ADD CONSTRAINT `personas_padre_id_foreign` FOREIGN KEY (`padre_id`) REFERENCES `personas` (`id`),
  ADD CONSTRAINT `personas_territorio_id_foreign` FOREIGN KEY (`territorio_id`) REFERENCES `territorios` (`id`);

/*!40101 SET CHARACTER_SET_CLIENT=@OLD_CHARACTER_SET_CLIENT */;
/*!40101 SET CHARACTER_SET_RESULTS=@OLD_CHARACTER_SET_RESULTS */;
/*!40101 SET COLLATION_CONNECTION=@OLD_COLLATION_CONNECTION */;
